,Symbol,Company name
0,20MICRONS:NSE,20 Microns Limited
1,21STCENMGM:NSE,21st Century Management Services Limited
2,3IINFOTECH:NSE,3i Infotech Limited
3,3MINDIA:NSE,3M India Limited
4,3PLAND:NSE,3P Land Holdings Limited
5,3RDROCK:NSE,3rd Rock Multimedia Limited
6,5PAISA:NSE,5Paisa Capital Limited
7,63MOONS:NSE,63 Moons Technologies Limited
8,AMJUMBO:NSE,A and M Jumbo Bags Limited
9,ABINFRA:NSE,A B Infrabuild Limited
10,ABNINT:NSE,A B N Intercorp Limited
11,A2ZINFRA:NSE,A2Z Infra Engineering Limited
12,AAKASH:NSE,Aakash Exploration Services Limited
13,AARON:NSE,Aaron Industries Limited
14,AARTIDRUGS:NSE,Aarti Drugs Limited
15,AARTIIND:NSE,Aarti Industries Limited
16,AARVEEDEN:NSE,Aarvee Denims & Exports Limited
17,AARVI:NSE,Aarvi Encon Limited
18,AAVAS:NSE,Aavas Financiers Limited
19,ABAN:NSE,Aban Offshore Limited
20,ABB:NSE,ABB India Limited
21,POWERINDIA:NSE,ABB Power Products and Systems India Limited
22,ABMINTLTD:NSE,ABM International Limited
23,ACC:NSE,ACC Limited
24,ACCELYA:NSE,Accelya Solutions India Limited
25,ACCORD:NSE,Accord Synergy Limited
26,ACCURACY:NSE,Accuracy Shipping Limited
27,ACEINTEG:NSE,Ace Integrated Solutions Limited
28,ACE:NSE,Action Construction Equipment Limited
29,ADANIENT:NSE,Adani Enterprises Limited
30,ADANIGAS:NSE,Adani Gas Limited
31,ADANIGREEN:NSE,Adani Green Energy Limited
32,ADANIPORTS:NSE,Adani Ports and Special Economic Zone Limited
33,ADANIPOWER:NSE,Adani Power Limited
34,ADANITRANS:NSE,Adani Transmission Limited
35,ADFFOODS:NSE,ADF Foods Limited
36,ADHUNIKIND:NSE,Adhunik Industries Limited
37,ABCAPITAL:NSE,Aditya Birla Capital Limited
38,ABFRL:NSE,Aditya Birla Fashion and Retail Limited
39,BIRLAMONEY:NSE,Aditya Birla Money Limited
40,ADLABS:NSE,Adlabs Entertainment Limited
41,ADORWELD:NSE,Ador Welding Limited
42,ADROITINFO:NSE,Adroit Infotech Limited
43,ADVENZYMES:NSE,Advanced Enzyme Technologies Limited
44,ADVANIHOTR:NSE,Advani Hotels & Resorts (India) Limited
45,AEGISCHEM:NSE,Aegis Logistics Limited
46,AFFLE:NSE,Affle (India) Limited
47,AGARIND:NSE,Agarwal Industrial Corporation Limited
48,AGCNET:NSE,AGC Networks Limited
49,AGRITECH:NSE,Agri-Tech (India) Limited
50,AGROPHOS:NSE,Agro Phos India Limited
51,ATFL:NSE,Agro Tech Foods Limited
52,AHIMSA:NSE,Ahimsa Industries Limited
53,AHLADA:NSE,Ahlada Engineers Limited
54,AHLUCONT:NSE,Ahluwalia Contracts (India) Limited
55,AIAENG:NSE,AIA Engineering Limited
56,AIRAN:NSE,Airan Limited
57,AIROLAM:NSE,Airo Lam limited
58,AJANTPHARM:NSE,Ajanta Pharma Limited
59,AJMERA:NSE,Ajmera Realty & Infra India Limited
60,AJOONI:NSE,Ajooni Biotech Limited
61,AKASH:NSE,Akash Infra-Projects Limited
62,AKG:NSE,Akg Exim Limited
63,AKSHOPTFBR:NSE,Aksh Optifibre Limited
64,AKSHARCHEM:NSE,AksharChem India Limited
65,AKZOINDIA:NSE,Akzo Nobel India Limited
66,ALANKIT:NSE,Alankit Limited
67,ALBERTDAVD:NSE,Albert David Limited
68,ALCHEM:NSE,Alchemist Limited
69,ALEMBICLTD:NSE,Alembic Limited
70,APLLTD:NSE,Alembic Pharmaceuticals Limited
71,ALICON:NSE,Alicon Castalloy Limited
72,ALKALI:NSE,Alkali Metals Limited
73,ALKEM:NSE,Alkem Laboratories Limited
74,ALKYLAMINE:NSE,Alkyl Amines Chemicals Limited
75,ALLCARGO:NSE,Allcargo Logistics Limited
76,ADSL:NSE,Allied Digital Services Limited
77,ALLSEC:NSE,Allsec Technologies Limited
78,ALMONDZ:NSE,Almondz Global Securities Limited
79,ALOKINDS:NSE,Alok Industries Limited
80,ALPA:NSE,Alpa Laboratories Limited
81,ALPHAGEO:NSE,Alphageo (India) Limited
82,ALPSINDUS:NSE,Alps Industries Limited
83,AMARAJABAT:NSE,Amara Raja Batteries Limited
84,AMBANIORG:NSE,Ambani Organics Limited
85,AMBER:NSE,Amber Enterprises India Limited
86,AMBIKCO:NSE,Ambika Cotton Mills Limited
87,AMBUJACEM:NSE,Ambuja Cements Limited
88,AMDIND:NSE,AMD Industries Limited
89,ASIL:NSE,Amit Spinning Industries Limited
90,AMJLAND:NSE,Amj Land Holdings Limited
91,AMRUTANJAN:NSE,Amrutanjan Health Care Limited
92,ANANTRAJ:NSE,Anant Raj Limited
93,ANDHRACEMT:NSE,Andhra Cements Limited
94,ANDHRAPAP:NSE,Andhra Paper Limited
95,ANGELBRKG:NSE,Angel Broking Limited
96,AISL:NSE,ANI Integrated Services Limited
97,ANIKINDS:NSE,Anik Industries Limited
98,APCL:NSE,Anjani Portland Cement Limited
99,ANKITMETAL:NSE,Ankit Metal & Power Limited
100,ANSALHSG:NSE,Ansal Housing Limited
101,ANSALAPI:NSE,Ansal Properties & Infrastructure Limited
102,APARINDS:NSE,Apar Industries Limited
103,APCOTEXIND:NSE,Apcotex Industries Limited
104,APEX:NSE,Apex Frozen Foods Limited
105,APLAPOLLO:NSE,APL Apollo Tubes Limited
106,APOLLOHOSP:NSE,Apollo Hospitals Enterprise Limited
107,APOLLO:NSE,Apollo Micro Systems Limited
108,APOLLOPIPE:NSE,Apollo Pipes Limited
109,APOLSINHOT:NSE,Apollo Sindoori Hotels Limited
110,APOLLOTYRE:NSE,Apollo Tyres Limited
111,APTECHT:NSE,Aptech Limited
112,ARCHIDPLY:NSE,Archidply Industries Limited
113,ARCHIES:NSE,Archies Limited
114,ARCOTECH:NSE,Arcotech Limited
115,ARIES:NSE,Aries Agro Limited
116,ARIHANT:NSE,Arihant Foundations & Housing Limited
117,ARIHANTSUP:NSE,Arihant Superstructures Limited
118,ARMANFIN:NSE,Arman Financial Services Limited
119,AROGRANITE:NSE,Aro Granite Industries Limited
120,ARROWGREEN:NSE,Arrow Greentech Limited
121,ARSHIYA:NSE,Arshiya Limited
122,ARSSINFRA:NSE,ARSS Infrastructure Projects Limited
123,ARTNIRMAN:NSE,Art Nirman Limited
124,ARTEDZ:NSE,Artedz Fabs Limited
125,ARTEMISMED:NSE,Artemis Medicare Services Limited
126,ARVEE:NSE,Arvee Laboratories (India) Limited
127,ARVINDFASN:NSE,Arvind Fashions Limited
128,ARVIND:NSE,Arvind Limited
129,ARVSMART:NSE,Arvind SmartSpaces Limited
130,ASAHIINDIA:NSE,Asahi India Glass Limited
131,ASAHISONG:NSE,Asahi Songwon Colors Limited
132,ASCOM:NSE,Ascom Leasing & Investments Limited
133,ASHAPURMIN:NSE,Ashapura Minechem Limited
134,ASHIANA:NSE,Ashiana Housing Limited
135,ASHIMASYN:NSE,Ashima Limited
136,ASHOKLEY:NSE,Ashok Leyland Limited
137,ASHOKA:NSE,Ashoka Buildcon Limited
138,ASIANTILES:NSE,Asian Granito India Limited
139,AHLEAST:NSE,Asian Hotels (East) Limited
140,ASIANHOTNR:NSE,Asian Hotels (North) Limited
141,AHLWEST:NSE,Asian Hotels (West) Limited
142,ASIANPAINT:NSE,Asian Paints Limited
143,ASLIND:NSE,ASL Industries Limited
144,ASPINWALL:NSE,Aspinwall and Company Limited
145,ASALCBR:NSE,Associated Alcohols & Breweries Ltd.
146,ASTEC:NSE,Astec LifeSciences Limited
147,ASTERDM:NSE,Aster DM Healthcare Limited
148,ASTRAMICRO:NSE,Astra Microwave Products Limited
149,ASTRAL:NSE,Astral Poly Technik Limited
150,ASTRAZEN:NSE,AstraZeneca Pharma India Limited
151,ASTRON:NSE,Astron Paper & Board Mill Limited
152,ATLANTA:NSE,Atlanta Limited
153,ATLASCYCLE:NSE,Atlas Cycles (Haryana) Limited
154,ATNINTER:NSE,ATN International Limited
155,ATULAUTO:NSE,Atul Auto Limited
156,ATUL:NSE,Atul Limited
157,AUBANK:NSE,AU Small Finance Bank Limited
158,AURDIS:NSE,Aurangabad Distillery Limited
159,AURIONPRO:NSE,Aurionpro Solutions Limited
160,AUROPHARMA:NSE,Aurobindo Pharma Limited
161,AUSOMENT:NSE,Ausom Enterprise Limited
162,AUTOIND:NSE,Autoline Industries Limited
163,AUTOLITIND:NSE,Autolite (India) Limited
164,AUTOAXLES:NSE,Automotive Axles Limited
165,ASAL:NSE,Automotive Stampings and Assemblies Limited
166,AVADHSUGAR:NSE,Avadh Sugar & Energy Limited
167,AVANTIFEED:NSE,Avanti Feeds Limited
168,AVENTUS:NSE,Aventus Buildcon Limited
169,DMART:NSE,Avenue Supermarts Limited
170,AVG:NSE,AVG Logistics Limited
171,AVROIND:NSE,Avro India Limited
172,AVSL:NSE,AVSL Industries Limited
173,AVTNPL:NSE,AVT Natural Products Limited
174,AXISBANK:NSE,Axis Bank Limited
175,AXISCADES:NSE,AXISCADES Engineering Technologies Limited
176,AYMSYNTEX:NSE,AYM Syntex Limited
177,BBTCL:NSE,B&B Triplewall Containers Limited
178,BLKASHYAP:NSE,B. L. Kashyap and Sons Limited
179,BAGFILMS:NSE,B.A.G Films and Media Limited
180,BABAFOOD:NSE,Baba Agro Food Limited
181,BAFNAPH:NSE,Bafna Pharmaceuticals Limited
182,BAJAJ-AUTO:NSE,Bajaj Auto Limited
183,BAJAJCON:NSE,Bajaj Consumer Care Limited
184,BAJAJELEC:NSE,Bajaj Electricals Limited
185,BAJFINANCE:NSE,Bajaj Finance Limited
186,BAJAJFINSV:NSE,Bajaj Finserv Limited
187,BAJAJHIND:NSE,Bajaj Hindusthan Sugar Limited
188,BAJAJHLDNG:NSE,Bajaj Holdings & Investment Limited
189,BALPHARMA:NSE,Bal Pharma Limited
190,BALAMINES:NSE,Balaji Amines Limited
191,BALAJITELE:NSE,Balaji Telefilms Limited
192,BALAXI:NSE,Balaxi Ventures Limited
193,BALKRISIND:NSE,Balkrishna Industries Limited
194,BALKRISHNA:NSE,Balkrishna Paper Mills Limited
195,BALLARPUR:NSE,Ballarpur Industries Limited
196,BALMLAWRIE:NSE,Balmer Lawrie & Company Limited
197,BALRAMCHIN:NSE,Balrampur Chini Mills Limited
198,BANARBEADS:NSE,Banaras Beads Limited
199,BANCOINDIA:NSE,Banco Products (I) Limited
200,BANDHANBNK:NSE,Bandhan Bank Limited
201,BANG:NSE,Bang Overseas Limited
202,BANKBARODA:NSE,Bank of Baroda
203,BANKINDIA:NSE,Bank of India
204,MAHABANK:NSE,Bank of Maharashtra
205,BANKA:NSE,Banka BioLoo Limited
206,BASML:NSE,Bannari Amman Spinning Mills Limited
207,BANARISUG:NSE,Bannari Amman Sugars Limited
208,BANSWRAS:NSE,Banswara Syntex Limited
209,BVCL:NSE,Barak Valley Cements Limited
210,BARTRONICS:NSE,Bartronics India Limited
211,BASF:NSE,BASF India Limited
212,BATAINDIA:NSE,Bata India Limited
213,BDR:NSE,BDR Buildcon Limited
214,BEARDSELL:NSE,Beardsell Limited
215,BEDMUTHA:NSE,Bedmutha Industries Limited
216,BEML:NSE,BEML Limited
217,BERGEPAINT:NSE,Berger Paints (I) Limited
218,BETA:NSE,Beta Drugs Limited
219,BFINVEST:NSE,BF Investment Limited
220,BFUTILITIE:NSE,BF Utilities Limited
221,BGRENERGY:NSE,BGR Energy Systems Limited
222,BHAGERIA:NSE,Bhageria Industries Limited
223,BHAGYANGR:NSE,Bhagyanagar India Limited
224,BHAGYAPROP:NSE,Bhagyanagar Properties Limited
225,BHALCHANDR:NSE,Bhalchandram Clothing Limited
226,BHANDARI:NSE,Bhandari Hosiery Exports Limited
227,BEPL:NSE,Bhansali Engineering Polymers Limited
228,BBL:NSE,Bharat Bijlee Limited
229,BDL:NSE,Bharat Dynamics Limited
230,BEL:NSE,Bharat Electronics Limited
231,BHARATFORG:NSE,Bharat Forge Limited
232,BHARATGEAR:NSE,Bharat Gears Limited
233,BHEL:NSE,Bharat Heavy Electricals Limited
234,BPCL:NSE,Bharat Petroleum Corporation Limited
235,BHARATRAS:NSE,Bharat Rasayan Limited
236,BRNL:NSE,Bharat Road Network Limited
237,BHARATWIRE:NSE,Bharat Wire Ropes Limited
238,BHARTIARTL:NSE,Bharti Airtel Limited
239,INFRATEL:NSE,Bharti Infratel Limited
240,BIL:NSE,Bhartiya International Limited
241,BIGBLOC:NSE,Bigbloc Construction Limited
242,BILENERGY:NSE,Bil Energy Systems Limited
243,BIOCON:NSE,Biocon Limited
244,BIOFILCHEM:NSE,Biofil Chemicals & Pharmaceuticals Limited
245,BIRLACABLE:NSE,Birla Cable Limited
246,BIRLACORPN:NSE,Birla Corporation Limited
247,BIRLATYRE:NSE,Birla Tyres Limited
248,BSOFT:NSE,Birlasoft Limited
249,BKMINDST:NSE,Bkm Industries Limited
250,BLBLIMITED:NSE,BLB Limited
251,BLISSGVS:NSE,Bliss GVS Pharma Limited
252,BLS:NSE,BLS International Services Limited
253,BLUECHIP:NSE,Blue Chip India Limited
254,BLUECOAST:NSE,Blue Coast Hotels Limited
255,BLUEDART:NSE,Blue Dart Express Limited
256,BLUESTARCO:NSE,Blue Star Limited
257,BODALCHEM:NSE,Bodal Chemicals Limited
258,BOHRA:NSE,Bohra Industries Limited
259,BBTC:NSE,Bombay Burmah Trading Corporation Limited
260,BOMDYEING:NSE,Bombay Dyeing & Mfg Company Limited
261,BRFL:NSE,Bombay Rayon Fashions Limited
262,BSHSL:NSE,Bombay Super Hybrid Seeds Limited
263,BORORENEW:NSE,Borosil Renewables Limited
264,BOSCHLTD:NSE,Bosch Limited
265,BPL:NSE,BPL Limited
266,BCONCEPTS:NSE,Brand Concepts Limited
267,BRIGADE:NSE,Brigade Enterprises Limited
268,BRIGHT:NSE,Bright Solar Limited
269,BCG:NSE,Brightcom Group Limited
270,BRITANNIA:NSE,Britannia Industries Limited
271,BROOKS:NSE,Brooks Laboratories Limited
272,BSE:NSE,BSE Limited
273,BSELINFRA:NSE,BSEL Infrastructure Realty Limited
274,BSL:NSE,BSL Limited
275,BURNPUR:NSE,Burnpur Cement Limited
276,BUTTERFLY:NSE,Butterfly Gandhimathi Appliances Limited
277,CANDC:NSE,C & C Constructions Limited
278,CADILAHC:NSE,Cadila Healthcare Limited
279,CADSYS:NSE,Cadsys (India) Limited
280,CALSOFT:NSE,California Software Company Limited
281,CTE:NSE,Cambridge Technology Enterprises Limited
282,CAMLINFINE:NSE,Camlin Fine Sciences Limited
283,CANFINHOME:NSE,Can Fin Homes Limited
284,CANBK:NSE,Canara Bank
285,CANTABIL:NSE,Cantabil Retail India Limited
286,CAPACITE:NSE,Capacit'e Infraprojects Limited
287,CAPTRUST:NSE,Capital Trust Limited
288,CAPLIPOINT:NSE,Caplin Point Laboratories Limited
289,CGCL:NSE,Capri Global Capital Limited
290,CARBORUNIV:NSE,Carborundum Universal Limited
291,CARERATING:NSE,CARE Ratings Limited
292,CAREERP:NSE,Career Point Limited
293,CASTEXTECH:NSE,Castex Technologies Limited
294,CASTROLIND:NSE,Castrol India Limited
295,CCL:NSE,CCL Products (India) Limited
296,CEATLTD:NSE,CEAT Limited
297,CELEBRITY:NSE,Celebrity Fashions Limited
298,CENTRALBK:NSE,Central Bank of India
299,CDSL:NSE,Central Depository Services (India) Limited
300,CENTRUM:NSE,Centrum Capital Limited
301,CENTUM:NSE,Centum Electronics Limited
302,CENTENKA:NSE,Century Enka Limited
303,CENTEXT:NSE,Century Extrusions Limited
304,CENTURYPLY:NSE,Century Plyboards (India) Limited
305,CENTURYTEX:NSE,Century Textiles & Industries Limited
306,CERA:NSE,Cera Sanitaryware Limited
307,CEREBRAINT:NSE,Cerebra Integrated Technologies Limited
308,CESC:NSE,CESC Limited
309,CESCVENT:NSE,CESC Ventures Limited
310,CGPOWER:NSE,CG Power and Industrial Solutions Limited
311,CHALET:NSE,Chalet Hotels Limited
312,CHAMBLFERT:NSE,Chambal Fertilizers & Chemicals Limited
313,CHEMBOND:NSE,Chembond Chemicals Ltd
314,CHEMCON:NSE,Chemcon Speciality Chemicals Limited
315,CHEMFAB:NSE,Chemfab Alkalis Limited
316,CHENNPETRO:NSE,Chennai Petroleum Corporation Limited
317,CHOLAHLDNG:NSE,Cholamandalam Financial Holdings Limited
318,CHOLAFIN:NSE,Cholamandalam Investment and Finance Company Limited
319,CHROMATIC:NSE,Chromatic India Limited
320,CIGNITITEC:NSE,Cigniti Technologies Limited
321,CNOVAPETRO:NSE,CIL Nova Petrochemicals Limited
322,CIMMCO:NSE,Cimmco Limited
323,CINELINE:NSE,Cineline India Limited
324,CINEVISTA:NSE,Cinevista Limited
325,CIPLA:NSE,Cipla Limited
326,CUB:NSE,City Union Bank Limited
327,CKPLEISURE:NSE,CKP Leisure Limited
328,CKPPRODUCT:NSE,CKP Products Limited
329,CLEDUCATE:NSE,CL Educate Limited
330,CLNINDIA:NSE,Clariant Chemicals (India) Limited
331,CMICABLES:NSE,CMI Limited
332,CMMIPL:NSE,CMM Infraprojects Limited
333,COALINDIA:NSE,Coal India Limited
334,COCHINSHIP:NSE,Cochin Shipyard Limited
335,COFORGE:NSE,Coforge Limited
336,COLPAL:NSE,Colgate Palmolive (India) Limited
337,CEBBCO:NSE,Commercial Engineers & Body Builders Co Limited
338,COMPINFO:NSE,Compuage Infocom Limited
339,COMPUSOFT:NSE,Compucom Software Limited
340,CAMS:NSE,Computer Age Management Services Limited
341,CONFIPET:NSE,Confidence Petroleum India Limited
342,CCCL:NSE,Consolidated Construction Consortium Limited
343,CONSOFINVT:NSE,Consolidated Finvest & Holdings Limited
344,CONCOR:NSE,Container Corporation of India Limited
345,CONTI:NSE,Continental Seeds and Chemicals Limited
346,CONTROLPR:NSE,Control Print Limited
347,CORALFINAC:NSE,Coral India Finance & Housing Limited
348,CORDSCABLE:NSE,Cords Cable Industries Limited
349,COROMANDEL:NSE,Coromandel International Limited
350,COSMOFILMS:NSE,Cosmo Films Limited
351,CCHHL:NSE,Country Club Hospitality & Holidays Limited
352,COUNCODOS:NSE,Country Condo's Limited
353,CKFSL:NSE,Cox & Kings Financial Service Limited
354,COX&KINGS:NSE,Cox & Kings Limited
355,CREATIVEYE:NSE,Creative Eye Limited
356,CREATIVE:NSE,Creative Peripherals and Distribution Limited
357,CREDITACC:NSE,CreditAccess Grameen Limited
358,CREST:NSE,Crest Ventures Limited
359,CRISIL:NSE,CRISIL Limited
360,CROMPTON:NSE,Crompton Greaves Consumer Electricals Limited
361,CROWN:NSE,Crown Lifters Limited
362,CSBBANK:NSE,CSB Bank Limited
363,CUBEXTUB:NSE,Cubex Tubings Limited
364,CUMMINSIND:NSE,Cummins India Limited
365,CUPID:NSE,Cupid Limited
366,CYBERTECH:NSE,Cybertech Systems And Software Limited
367,CYIENT:NSE,Cyient Limited
368,DBREALTY:NSE,D B Realty Limited
369,DPWIRES:NSE,D P Wires Limited
370,DPABHUSHAN:NSE,D. P. Abhushan Limited
371,DBCORP:NSE,D.B.Corp Limited
372,DABUR:NSE,Dabur India Limited
373,DALBHARAT:NSE,Dalmia Bharat Limited
374,DALMIASUG:NSE,Dalmia Bharat Sugar and Industries Limited
375,DAMODARIND:NSE,Damodar Industries Limited
376,DANGEE:NSE,Dangee Dums Limited
377,DATAMATICS:NSE,Datamatics Global Services Limited
378,DBSTOCKBRO:NSE,DB (International) Stock Brokers Limited
379,DCI:NSE,DC Infotech and Communication Limited
380,DCBBANK:NSE,DCB Bank Limited
381,DCM:NSE,DCM Limited
382,DCMFINSERV:NSE,DCM Financial Services Limited
383,DCMNVL:NSE,DCM Nouvelle Limited
384,DCMSHRIRAM:NSE,DCM Shriram Limited
385,DCW:NSE,DCW Limited
386,DENORA:NSE,De Nora India Limited
387,DSML:NSE,Debock Sales And Marketing Limited
388,DECCANCE:NSE,Deccan Cements Limited
389,DEEPIND:NSE,Deep Industries Limited
390,DEEPAKFERT:NSE,Deepak Fertilizers and Petrochemicals Corporation Limited
391,DEEPAKNTR:NSE,Deepak Nitrite Limited
392,DELTACORP:NSE,Delta Corp Limited
393,DELTAMAGNT:NSE,Delta Manufacturing Limited
394,DEN:NSE,Den Networks Limited
395,DEVIT:NSE,Dev Information Technology Limited
396,DHFL:NSE,Dewan Housing Finance Corporation Limited
397,DFMFOODS:NSE,DFM Foods Limited
398,DHAMPURSUG:NSE,Dhampur Sugar Mills Limited
399,DHANBANK:NSE,Dhanlaxmi Bank Limited
400,DHANUKA:NSE,Dhanuka Agritech Limited
401,DRL:NSE,Dhanuka Realty Limited
402,DHARSUGAR:NSE,Dharani Sugars & Chemicals Limited
403,DHUNINV:NSE,Dhunseri Investments Limited
404,DTIL:NSE,Dhunseri Tea & Industries Limited
405,DVL:NSE,Dhunseri Ventures Limited
406,DIAPOWER:NSE,Diamond Power Infra Ltd
407,DICIND:NSE,DIC India Limited
408,DGCONTENT:NSE,Digicontent Limited
409,DIGISPICE:NSE,DiGiSPICE Technologies Limited
410,DIGJAMLTD:NSE,Digjam Limited
411,DNAMEDIA:NSE,Diligent Media Corporation Limited
412,DBL:NSE,Dilip Buildcon Limited
413,DISHTV:NSE,Dish TV India Limited
414,DCAL:NSE,Dishman Carbogen Amcis Limited
415,DIVISLAB:NSE,Divi's Laboratories Limited
416,DIXON:NSE,Dixon Technologies (India) Limited
417,DLF:NSE,DLF Limited
418,DLINKINDIA:NSE,D-Link (India) Limited
419,DOLLAR:NSE,Dollar Industries Limited
420,DONEAR:NSE,Donear Industries Limited
421,DPSCLTD:NSE,DPSC Limited
422,DQE:NSE,DQ Entertainment (International) Limited
423,LALPATHLAB:NSE,Dr. Lal Path Labs Ltd.
424,DRREDDY:NSE,Dr. Reddy's Laboratories Limited
425,DREDGECORP:NSE,Dredging Corporation of India Limited
426,DRSDILIP:NSE,DRS Dilip Roadlines Limited
427,DUCON:NSE,Ducon Infratechnologies Limited
428,DWARKESH:NSE,Dwarikesh Sugar Industries Limited
429,DSSL:NSE,Dynacons Systems & Solutions Limited
430,DYNAMATECH:NSE,Dynamatic Technologies Limited
431,DYNPRO:NSE,Dynemic Products Limited
432,E2E:NSE,E2E Networks Limited
433,EASTSILK:NSE,Eastern Silk Industries Limited
434,EASUNREYRL:NSE,Easun Reyrolle Limited
435,EBIXFOREX:NSE,EbixCash World Money Limited
436,ECLERX:NSE,eClerx Services Limited
437,EDELWEISS:NSE,Edelweiss Financial Services Limited
438,EDUCOMP:NSE,Educomp Solutions Limited
439,EICHERMOT:NSE,Eicher Motors Limited
440,EIDPARRY:NSE,EID Parry India Limited
441,EIHAHOTELS:NSE,EIH Associated Hotels Limited
442,EIHOTEL:NSE,EIH Limited
443,EIMCOELECO:NSE,Eimco Elecon (India) Limited
444,ELECON:NSE,Elecon Engineering Company Limited
445,ELECTCAST:NSE,Electrosteel Castings Limited
446,ELECTHERM:NSE,Electrotherm (India) Limited
447,ELGIEQUIP:NSE,Elgi Equipments Limited
448,ELGIRUBCO:NSE,Elgi Rubber Company Limited
449,EMAMILTD:NSE,Emami Limited
450,EMAMIPAP:NSE,Emami Paper Mills Limited
451,EMAMIREAL:NSE,Emami Realty Limited
452,EMCO:NSE,Emco Limited
453,EMKAY:NSE,Emkay Global Financial Services Limited
454,EMKAYTOOLS:NSE,Emkay Taps and Cutting Tools Limited
455,EMMBI:NSE,Emmbi Industries Limited
456,EDL:NSE,Empee Distilleries Limited
457,ENDURANCE:NSE,Endurance Technologies Limited
458,ENERGYDEV:NSE,Energy Development Company Limited
459,ENGINERSIN:NSE,Engineers India Limited
460,ENIL:NSE,Entertainment Network (India) Limited
461,EON:NSE,Eon Electric Limited
462,EQUITAS:NSE,Equitas Holdings Limited
463,EQUITASBNK:NSE,Equitas Small Finance Bank Limited
464,ERIS:NSE,Eris Lifesciences Limited
465,EROSMEDIA:NSE,Eros International Media Limited
466,ESABINDIA:NSE,Esab India Limited
467,ESCORTS:NSE,Escorts Limited
468,ESSARSHPNG:NSE,Essar Shipping Limited
469,ESSELPACK:NSE,Essel Propack Limited
470,ESTER:NSE,Ester Industries Limited
471,EUROCERA:NSE,Euro Ceramics Limited
472,EIFFL:NSE,Euro India Fresh Foods Limited
473,EUROMULTI:NSE,Euro Multivision Limited
474,EUROTEXIND:NSE,Eurotex Industries and Exports Limited
475,EVEREADY:NSE,Eveready Industries India Limited
476,EVERESTIND:NSE,Everest Industries Limited
477,EKC:NSE,Everest Kanto Cylinder Limited
478,EXCELINDUS:NSE,Excel Industries Limited
479,EXCEL:NSE,Excel Realty N Infra Limited
480,EXIDEIND:NSE,Exide Industries Limited
481,EXPLEOSOL:NSE,Expleo Solutions Limited
482,FAIRCHEM:NSE,Fairchem Speciality Limited
483,FCSSOFT:NSE,FCS Software Solutions Limited
484,FDC:NSE,FDC Limited
485,FMGOETZE:NSE,Federal-Mogul Goetze (India) Limited
486,FELIX:NSE,Felix Industries Limited
487,FACT:NSE,Fertilizers and Chemicals Travancore Limited
488,FIEMIND:NSE,Fiem Industries Limited
489,FILATEX:NSE,Filatex India Limited
490,FINEORG:NSE,Fine Organic Industries Limited
491,FCL:NSE,Fineotex Chemical Limited
492,FINCABLES:NSE,Finolex Cables Limited
493,FINPIPE:NSE,Finolex Industries Limited
494,FSL:NSE,Firstsource Solutions Limited
495,FLEXITUFF:NSE,Flexituff Ventures International Limited
496,FOCUS:NSE,Focus Lighting and Fixtures Limited
497,FORTIS:NSE,Fortis Healthcare Limited
498,FOSECOIND:NSE,Foseco India Limited
499,FOURTHDIM:NSE,Fourth Dimension Solutions Limited
500,FCONSUMER:NSE,Future Consumer Limited
501,FEL:NSE,Future Enterprises Limited
502,FLFL:NSE,Future Lifestyle Fashions Limited
503,FMNL:NSE,Future Market Networks Limited
504,FRETAIL:NSE,Future Retail Limited
505,FSC:NSE,Future Supply Chain Solutions Limited
506,GABRIEL:NSE,Gabriel India Limited
507,GAIL:NSE,GAIL (India) Limited
508,GALAXYSURF:NSE,Galaxy Surfactants Limited
509,GALLISPAT:NSE,Gallantt Ispat Limited
510,GALLANTT:NSE,Gallantt Metal Limited
511,GAMMNINFRA:NSE,Gammon Infrastructure Projects Limited
512,GANDHITUBE:NSE,Gandhi Special Tubes Limited
513,GANESHHOUC:NSE,Ganesh Housing Corporation Limited
514,GANECOS:NSE,Ganesha Ecosphere Limited
515,GANGAFORGE:NSE,Ganga Forging Limited
516,GANGESSECU:NSE,Ganges Securities Limited
517,GRSE:NSE,Garden Reach Shipbuilders & Engineers Limited
518,GARDENSILK:NSE,Garden Silk Mills Limited
519,GARFIBRES:NSE,Garware Technical Fibres Limited
520,GDL:NSE,Gateway Distriparks Limited
521,GATI:NSE,GATI Limited
522,GAYAHWS:NSE,Gayatri Highways Limited
523,GAYAPROJ:NSE,Gayatri Projects Limited
524,GBGLOBAL:NSE,GB Global Limited
525,GEPIL:NSE,GE Power India Limited
526,GET&D:NSE,GE T&D India Limited
527,GEECEE:NSE,GeeCee Ventures Limited
528,GEEKAYWIRE:NSE,Geekay Wires Limited
529,GICRE:NSE,General Insurance Corporation of India
530,GENESYS:NSE,Genesys International Corporation Limited
531,GENUSPAPER:NSE,Genus Paper & Boards Limited
532,GENUSPOWER:NSE,Genus Power Infrastructures Limited
533,GEOJITFSL:NSE,Geojit Financial Services Limited
534,GFLLIMITED:NSE,GFL Limited
535,GHCL:NSE,GHCL Limited
536,GISOLUTION:NSE,GI Engineering Solutions Limited
537,GICHSGFIN:NSE,GIC Housing Finance Limited
538,GILLANDERS:NSE,Gillanders Arbuthnot & Company Limited
539,GILLETTE:NSE,Gillette India Limited
540,GINNIFILA:NSE,Ginni Filaments Limited
541,GIRRESORTS:NSE,GIR Natureview Resorts Limited
542,GKWLIMITED:NSE,GKW Limited
543,GLAND:NSE,Gland Pharma Limited
544,GSKCONS:NSE,GlaxoSmithKline Consumer Healthcare Limited
545,GLAXO:NSE,GlaxoSmithKline Pharmaceuticals Limited
546,GLENMARK:NSE,Glenmark Pharmaceuticals Limited
547,GLOBAL:NSE,Global Education Limited
548,GLOBOFFS:NSE,Global Offshore Services Limited
549,GLOBALVECT:NSE,Global Vectra Helicorp Limited
550,GICL:NSE,Globe International Carriers Limited
551,GLOBE:NSE,Globe Textiles (India) Limited
552,GLOBUSSPR:NSE,Globus Spirits Limited
553,GMBREW:NSE,GM Breweries Limited
554,GMMPFAUDLR:NSE,GMM Pfaudler Limited
555,GMRINFRA:NSE,GMR Infrastructure Limited
556,GNA:NSE,GNA Axles Limited
557,GOACARBON:NSE,Goa Carbon Limited
558,GOCLCORP:NSE,GOCL Corporation Limited
559,GPIL:NSE,Godawari Power And Ispat limited
560,GODFRYPHLP:NSE,Godfrey Phillips India Limited
561,GODHA:NSE,Godha Cabcon & Insulation Limited
562,GODREJAGRO:NSE,Godrej Agrovet Limited
563,GODREJCP:NSE,Godrej Consumer Products Limited
564,GODREJIND:NSE,Godrej Industries Limited
565,GODREJPROP:NSE,Godrej Properties Limited
566,GOENKA:NSE,Goenka Diamond and Jewels Limited
567,GOKEX:NSE,Gokaldas Exports Limited
568,GOKULAGRO:NSE,Gokul Agro Resources Limited
569,GOKUL:NSE,Gokul Refoils and Solvent Limited
570,GOLDENTOBC:NSE,Golden Tobacco Limited
571,GOLDIAM:NSE,Goldiam International Limited
572,GOLDSTAR:NSE,Goldstar Power Limited
573,GOLDTECH:NSE,Goldstone Technologies Limited
574,GOODLUCK:NSE,Goodluck India Limited
575,GULFPETRO:NSE,GP Petroleums Limited
576,GPTINFRA:NSE,GPT Infraprojects Limited
577,GFSTEELS:NSE,Grand Foundry Limited
578,GRANULES:NSE,Granules India Limited
579,GRAPHITE:NSE,Graphite India Limited
580,GRASIM:NSE,Grasim Industries Limited
581,GRAVITA:NSE,Gravita India Limited
582,GREAVESCOT:NSE,Greaves Cotton Limited
583,GREENLAM:NSE,Greenlam Industries Limited
584,GREENPANEL:NSE,Greenpanel Industries Limited
585,GREENPLY:NSE,Greenply Industries Limited
586,GRETEX:NSE,Gretex Industries Limited
587,GRINDWELL:NSE,Grindwell Norton Limited
588,GRPLTD:NSE,GRP Limited
589,GSS:NSE,GSS Infotech Limited
590,GTLINFRA:NSE,GTL Infrastructure Limited
591,GTL:NSE,GTL Limited
592,GTNIND:NSE,GTN Industries Limited
593,GTNTEX:NSE,GTN Textiles Limited
594,GTPL:NSE,GTPL Hathway Limited
595,GUFICBIO:NSE,Gufic Biosciences Limited
596,GUJALKALI:NSE,Gujarat Alkalies and Chemicals Limited
597,GAEL:NSE,Gujarat Ambuja Exports Limited
598,GUJAPOLLO:NSE,Gujarat Apollo Industries Limited
599,FLUOROCHEM:NSE,Gujarat Fluorochemicals Limited
600,GUJGASLTD:NSE,Gujarat Gas Limited
601,GIPCL:NSE,Gujarat Industries Power Company Limited
602,GLFL:NSE,Gujarat Lease Financing Limited
603,GMDCLTD:NSE,Gujarat Mineral Development Corporation Limited
604,GNFC:NSE,Gujarat Narmada Valley Fertilizers and Chemicals Limited
605,GPPL:NSE,Gujarat Pipavav Port Limited
606,GUJRAFFIA:NSE,Gujarat Raffia Industries Limited
607,GSCLCEMENT:NSE,Gujarat Sidhee Cement Limited
608,GSFC:NSE,Gujarat State Fertilizers & Chemicals Limited
609,GSPL:NSE,Gujarat State Petronet Limited
610,GULFOILLUB:NSE,Gulf Oil Lubricants India Limited
611,GULPOLY:NSE,Gulshan Polyols Limited
612,GVKPIL:NSE,GVK Power & Infrastructure Limited
613,GAL:NSE,Gyscoal Alloys Limited
614,HGINFRA:NSE,H.G. Infra Engineering Limited
615,HAPPSTMNDS:NSE,Happiest Minds Technologies Limited
616,HARITASEAT:NSE,Harita Seating Systems Limited
617,HARRMALAYA:NSE,Harrisons Malayalam Limited
618,HATHWAY:NSE,Hathway Cable & Datacom Limited
619,HATSUN:NSE,Hatsun Agro Product Limited
620,HAVELLS:NSE,Havells India Limited
621,HBSL:NSE,HB Stockholdings Limited
622,HBLPOWER:NSE,HBL Power Systems Limited
623,HCL-INSYS:NSE,HCL Infosystems Limited
624,HCLTECH:NSE,HCL Technologies Limited
625,HDFCAMC:NSE,HDFC Asset Management Company Limited
626,HDFCBANK:NSE,HDFC Bank Limited
627,HDFCLIFE:NSE,HDFC Life Insurance Company Limited
628,HCG:NSE,Healthcare Global Enterprises Limited
629,HECPROJECT:NSE,HEC Infra Projects Limited
630,HEG:NSE,HEG Limited
631,HEIDELBERG:NSE,HeidelbergCement India Limited
632,HERCULES:NSE,Hercules Hoists Limited
633,HERITGFOOD:NSE,Heritage Foods Limited
634,HEROMOTOCO:NSE,Hero MotoCorp Limited
635,HESTERBIO:NSE,Hester Biosciences Limited
636,HEXATRADEX:NSE,Hexa Tradex Limited
637,HEXAWARE:NSE,Hexaware Technologies Limited
638,HFCL:NSE,HFCL Limited
639,HIKAL:NSE,Hikal Limited
640,HIL:NSE,HIL Limited
641,HILTON:NSE,Hilton Metal Forging Limited
642,HSCL:NSE,Himadri Speciality Chemical Limited
643,HIMATSEIDE:NSE,Himatsingka Seide Limited
644,HIRECT:NSE,Hind Rectifiers Limited
645,HINDALCO:NSE,Hindalco Industries Limited
646,HINDCON:NSE,Hindcon Chemicals Limited
647,HPIL:NSE,Hindprakash Industries Limited
648,HGS:NSE,Hinduja Global Solutions Limited
649,HAL:NSE,Hindustan Aeronautics Limited
650,HINDCOMPOS:NSE,Hindustan Composites Limited
651,HCC:NSE,Hindustan Construction Company Limited
652,HINDCOPPER:NSE,Hindustan Copper Limited
653,HMVL:NSE,Hindustan Media Ventures Limited
654,HINDMOTORS:NSE,Hindustan Motors Limited
655,HINDOILEXP:NSE,Hindustan Oil Exploration Company Limited
656,HINDPETRO:NSE,Hindustan Petroleum Corporation Limited
657,HINDUNILVR:NSE,Hindustan Unilever Limited
658,HINDZINC:NSE,Hindustan Zinc Limited
659,HINDNATGLS:NSE,Hindustan National Glass & Industries Limited
660,HISARMETAL:NSE,Hisar Metal Industries Limited
661,HITECHCORP:NSE,Hitech Corporation Limited
662,HITECH:NSE,Hi-Tech Pipes Limited
663,HLVLTD:NSE,HLV Limited
664,HMT:NSE,HMT Limited
665,HONDAPOWER:NSE,Honda Siel Power Products Limited
666,HONAUT:NSE,Honeywell Automation India Limited
667,HOTELRUGBY:NSE,Hotel Rugby Limited
668,HUDCO:NSE,Housing & Urban Development Corporation Limited
669,HDIL:NSE,Housing Development and Infrastructure Limited
670,HDFC:NSE,Housing Development Finance Corporation Limited
671,HOVS:NSE,HOV Services Limited
672,HPL:NSE,HPL Electric & Power Limited
673,HSIL:NSE,HSIL Limited
674,HTMEDIA:NSE,HT Media Limited
675,HUBTOWN:NSE,Hubtown Limited
676,PAPERPROD:NSE,Huhtamaki PPL Limited
677,HUSYSLTD:NSE,Husys Consulting Limited
678,ICEMAKE:NSE,Ice Make Refrigeration Limited
679,ICICIBANK:NSE,ICICI Bank Limited
680,ICICIGI:NSE,ICICI Lombard General Insurance Company Limited
681,ICICIPRULI:NSE,ICICI Prudential Life Insurance Company Limited
682,ISEC:NSE,ICICI Securities Limited
683,ICRA:NSE,ICRA Limited
684,IDBI:NSE,IDBI Bank Limited
685,IDFCFIRSTB:NSE,IDFC First Bank Limited
686,IDFC:NSE,IDFC Limited
687,IFBAGRO:NSE,IFB Agro Industries Limited
688,IFBIND:NSE,IFB Industries Limited
689,IFCI:NSE,IFCI Limited
690,IFGLEXPOR:NSE,IFGL Refractories Limited
691,IGPL:NSE,IG Petrochemicals Limited
692,IGARASHI:NSE,Igarashi Motors India Limited
693,IIFL:NSE,IIFL Finance Limited
694,IIFLSEC:NSE,IIFL Securities Limited
695,IIFLWAM:NSE,IIFL Wealth Management Limited
696,IL&FSENGG:NSE,IL&FS Engineering and Construction Company Limited
697,IVC:NSE,IL&FS Investment Managers Limited
698,IL&FSTRANS:NSE,IL&FS Transportation Networks Limited
699,INDLMETER:NSE,IMP Powers Limited
700,IMPEXFERRO:NSE,Impex Ferro Tech Limited
701,INDBANK:NSE,Indbank Merchant Banking Services Limited
702,INDIAGLYCO:NSE,India Glycols Limited
703,IMPAL:NSE,India Motor Parts and Accessories Limited
704,INDNIPPON:NSE,India Nippon Electricals Limited
705,ITDC:NSE,India Tourism Development Corporation Limited
706,IBULHSGFIN:NSE,Indiabulls Housing Finance Limited
707,IBULISL:NSE,Indiabulls Integrated Services Limited
708,IBREALEST:NSE,Indiabulls Real Estate Limited
709,IBVENTURES:NSE,Indiabulls Ventures Limited
710,INDIAMART:NSE,Indiamart Intermesh Limited
711,INDIANB:NSE,Indian Bank
712,INDIANCARD:NSE,Indian Card Clothing Company Limited
713,IEX:NSE,Indian Energy Exchange Limited
714,INDIANHUME:NSE,Indian Hume Pipe Company Limited
715,IMFA:NSE,Indian Metals & Ferro Alloys Limited
716,IOC:NSE,Indian Oil Corporation Limited
717,IOB:NSE,Indian Overseas Bank
718,IRCTC:NSE,Indian Railway Catering and Tourism Corporation Limited
719,INDTERRAIN:NSE,Indian Terrain Fashions Limited
720,ICIL:NSE,Indo Count Industries Limited
721,INDORAMA:NSE,Indo Rama Synthetics (India) Limited
722,INDOTECH:NSE,Indo Tech Transformers Limited
723,INDOTHAI:NSE,Indo Thai Securities Limited
724,INDOCO:NSE,Indoco Remedies Limited
725,NIPPOBATRY:NSE,Indo-National Limited
726,INDOSOLAR:NSE,Indosolar Limited
727,INDOSTAR:NSE,IndoStar Capital Finance Limited
728,INDOWIND:NSE,Indowind Energy Limited
729,IGL:NSE,Indraprastha Gas Limited
730,INDRAMEDCO:NSE,Indraprastha Medical Corporation Limited
731,INDSWFTLAB:NSE,Ind-Swift Laboratories Limited
732,INDSWFTLTD:NSE,Ind-Swift Limited
733,INDUSINDBK:NSE,IndusInd Bank Limited
734,IITL:NSE,Industrial Investment Trust Limited
735,INEOSSTYRO:NSE,INEOS Styrolution India Limited
736,INFIBEAM:NSE,Infibeam Avenues Limited
737,NAUKRI:NSE,Info Edge (India) Limited
738,INFOBEAN:NSE,InfoBeans Technologies Limited
739,INFOMEDIA:NSE,Infomedia Press Limited
740,INFY:NSE,Infosys Limited
741,INGERRAND:NSE,Ingersoll Rand (India) Limited
742,INNOVANA:NSE,Innovana Thinklabs Limited
743,INNOVATIVE:NSE,Innovative Tyres and Tubes Limited
744,INOXLEISUR:NSE,INOX Leisure Limited
745,INOXWIND:NSE,Inox Wind Limited
746,INSECTICID:NSE,Insecticides (India) Limited
747,INSPIRISYS:NSE,Inspirisys Solutions Limited
748,INTEGRA:NSE,Integra Garments and Textiles Limited
749,INTELLECT:NSE,Intellect Design Arena Limited
750,INTENTECH:NSE,Intense Technologies Limited
751,INDIGO:NSE,InterGlobe Aviation Limited
752,SUBCAPCITY:NSE,International Constructions Limited
753,ISFT:NSE,Intrasoft Technologies Limited
754,INVENTURE:NSE,Inventure Growth & Securities Limited
755,IOLCP:NSE,IOL Chemicals and Pharmaceuticals Limited
756,IPCALAB:NSE,IPCA Laboratories Limited
757,IRB:NSE,IRB Infrastructure Developers Limited
758,IRCON:NSE,Ircon International Limited
759,IRISDOREME:NSE,Iris Clothings Limited
760,ISMTLTD:NSE,ISMT Limited
761,ITC:NSE,ITC Limited
762,ITDCEM:NSE,ITD Cementation India Limited
763,ITI:NSE,ITI Limited
764,IVP:NSE,IVP Limited
765,IZMO:NSE,IZMO Limited
766,JKIL:NSE,J.Kumar Infraprojects Limited
767,JAGRAN:NSE,Jagran Prakashan Limited
768,JAGSNPHARM:NSE,Jagsonpal Pharmaceuticals Limited
769,JAIBALAJI:NSE,Jai Balaji Industries Limited
770,JAICORPLTD:NSE,Jai Corp Limited
771,JAIHINDPRO:NSE,Jaihind Projects Limited
772,JISLJALEQS:NSE,Jain Irrigation Systems Limited
773,JAINSTUDIO:NSE,Jain Studios Limited
774,JPASSOCIAT:NSE,Jaiprakash Associates Limited
775,JPPOWER:NSE,Jaiprakash Power Ventures Limited
776,JAKHARIA:NSE,Jakharia Fabric Limited
777,JALAN:NSE,Jalan Transolutions (India) Limited
778,JAMNAAUTO:NSE,Jamna Auto Industries Limited
779,JASH:NSE,Jash Engineering Limited
780,JAYBARMARU:NSE,Jay Bharat Maruti Limited
781,JAYAGROGN:NSE,Jayant Agro Organics Limited
782,JAYNECOIND:NSE,Jayaswal Neco Industries Limited
783,JPINFRATEC:NSE,Jaypee Infratech Limited
784,JAYSREETEA:NSE,Jayshree Tea & Industries Limited
785,JBCHEPHARM:NSE,JB Chemicals & Pharmaceuticals Limited
786,JBFIND:NSE,JBF Industries Limited
787,JBMA:NSE,JBM Auto Limited
788,JETAIRWAYS:NSE,Jet Airways (India) Limited
789,JETFREIGHT:NSE,Jet Freight Logistics Limited
790,JETKNIT:NSE,Jet Knitwears Limited
791,JHS:NSE,JHS Svendgaard Laboratories Limited
792,JIKIND:NSE,JIK Industries Limited
793,JINDRILL:NSE,Jindal Drilling And Industries Limited
794,JINDALPHOT:NSE,Jindal Photo Limited
795,JINDALPOLY:NSE,Jindal Poly Films Limited
796,JPOLYINVST:NSE,Jindal Poly Investment and Finance Company Limited
797,JINDALSAW:NSE,Jindal Saw Limited
798,JSLHISAR:NSE,Jindal Stainless (Hisar) Limited
799,JSL:NSE,Jindal Stainless Limited
800,JINDALSTEL:NSE,Jindal Steel & Power Limited
801,JINDWORLD:NSE,Jindal Worldwide Limited
802,JITFINFRA:NSE,JITF Infralogistics Limited
803,JKCEMENT:NSE,JK Cement Limited
804,JKLAKSHMI:NSE,JK Lakshmi Cement Limited
805,JKPAPER:NSE,JK Paper Limited
806,JKTYRE:NSE,JK Tyre & Industries Limited
807,JMFINANCIL:NSE,JM Financial Limited
808,JMCPROJECT:NSE,JMC Projects (India) Limited
809,JMTAUTOLTD:NSE,JMT Auto Limited
810,JOCIL:NSE,Jocil Limited
811,JCHAC:NSE,Johnson Controls - Hitachi Air Conditioning India Limited
812,JSWENERGY:NSE,JSW Energy Limited
813,JSWHL:NSE,JSW Holdings Limited
814,JSWSTEEL:NSE,JSW Steel Limited
815,JTEKTINDIA:NSE,Jtekt India Limited
816,JUBLFOOD:NSE,Jubilant Foodworks Limited
817,JUBLINDS:NSE,Jubilant Industries Limited
818,JUBILANT:NSE,Jubilant Life Sciences Limited
819,JMA:NSE,Jullundur Motor Agency (Delhi) Limited
820,JUSTDIAL:NSE,Just Dial Limited
821,JVLAGRO:NSE,JVL Agro Industries Limited
822,JYOTHYLAB:NSE,Jyothy Labs Limited
823,JYOTISTRUC:NSE,Jyoti Structures Limited
824,KMSUGAR:NSE,K.M.Sugar Mills Limited
825,KPRMILL:NSE,K.P.R. Mill Limited
826,KABRAEXTRU:NSE,Kabra Extrusion Technik Limited
827,KAJARIACER:NSE,Kajaria Ceramics Limited
828,KAKATCEM:NSE,Kakatiya Cement Sugar & Industries Limited
829,KALPATPOWR:NSE,Kalpataru Power Transmission Limited
830,KALYANI:NSE,Kalyani Commercials Limited
831,KALYANIFRG:NSE,Kalyani Forge Limited
832,KICL:NSE,Kalyani Investment Company Limited
833,KSL:NSE,Kalyani Steels Limited
834,KAMATHOTEL:NSE,Kamat Hotels (I) Limited
835,KAMDHENU:NSE,Kamdhenu Limited
836,KANANIIND:NSE,Kanani Industries Limited
837,KANORICHEM:NSE,Kanoria Chemicals & Industries Limited
838,KANSAINER:NSE,Kansai Nerolac Paints Limited
839,KAPSTON:NSE,Kapston Facilities Management Limited
840,KARDA:NSE,Karda Constructions Limited
841,KARMAENG:NSE,Karma Energy Limited
842,KARURVYSYA:NSE,Karur Vysya Bank Limited
843,KGL:NSE,Karuturi Global Limited
844,KAUSHALYA:NSE,Kaushalya Infrastructure Development Corporation Limited
845,KSCL:NSE,Kaveri Seed Company Limited
846,KAYA:NSE,Kaya Limited
847,KCP:NSE,KCP Limited
848,KCPSUGIND:NSE,KCP Sugar and Industries Corporation Limited
849,KDDL:NSE,KDDL Limited
850,KEC:NSE,KEC International Limited
851,KEERTI:NSE,Keerti Knowledge and Skills Limited
852,KEI:NSE,KEI Industries Limited
853,KELLTONTEC:NSE,Kellton Tech Solutions Limited
854,KERNEX:NSE,Kernex Microsystems (India) Limited
855,KESORAMIND:NSE,Kesoram Industries Limited
856,KKCL:NSE,Kewal Kiran Clothing Limited
857,KEYFINSERV:NSE,Keynote Financial Services Limited
858,KHADIM:NSE,Khadim India Limited
859,KHANDSE:NSE,Khandwala Securities Limited
860,KHFM:NSE,Khfm Hospitality And Facility Management Services Limited
861,KILITCH:NSE,Kilitch Drugs (India) Limited
862,KINGFA:NSE,Kingfa Science & Technology (India) Limited
863,KIOCL:NSE,KIOCL Limited
864,KIRIINDUS:NSE,Kiri Industries Limited
865,KIRLOSBROS:NSE,Kirloskar Brothers Limited
866,KECL:NSE,Kirloskar Electric Company Limited
867,KIRLOSIND:NSE,Kirloskar Industries Limited
868,KIRLOSENG:NSE,Kirloskar Oil Engines Limited
869,KITEX:NSE,Kitex Garments Limited
870,KKVAPOW:NSE,KKV Agro Powers Limited
871,KNRCON:NSE,KNR Constructions Limited
872,KOHINOOR:NSE,Kohinoor Foods Limited
873,KOKUYOCMLN:NSE,Kokuyo Camlin Limited
874,KOLTEPATIL:NSE,Kolte - Patil Developers Limited
875,KOPRAN:NSE,Kopran Limited
876,KOTAKBANK:NSE,Kotak Mahindra Bank Limited
877,KOTHARIPET:NSE,Kothari Petrochemicals Limited
878,KOTHARIPRO:NSE,Kothari Products Limited
879,KOTARISUG:NSE,Kothari Sugars And Chemicals Limited
880,KPITTECH:NSE,KPIT Technologies Limited
881,KRBL:NSE,KRBL Limited
882,KREBSBIO:NSE,Krebs Biochemicals and Industries Limited
883,KRIDHANINF:NSE,Kridhan Infra Limited
884,KRISHANA:NSE,Krishana Phoschem Limited
885,KRITIKA:NSE,Kritika Wires Limited
886,KSB:NSE,Ksb Limited
887,KSHITIJPOL:NSE,Kshitij Polyline Limited
888,KSK:NSE,KSK Energy Ventures Limited
889,KSERASERA:NSE,KSS Limited
890,KUANTUM:NSE,Kuantum Papers Limited
891,KWALITY:NSE,Kwality Limited
892,L&TFH:NSE,L&T Finance Holdings Limited
893,LTTS:NSE,L&T Technology Services Limited
894,LAOPALA:NSE,La Opala RG Limited
895,LAGNAM:NSE,Lagnam Spintex Limited
896,LFIC:NSE,Lakshmi Finance & Industrial Corporation Limited
897,LAXMIMACH:NSE,Lakshmi Machine Works Limited
898,LAKPRE:NSE,Lakshmi Precision Screws Limited
899,LAKSHVILAS:NSE,Lakshmi Vilas Bank Limited
900,LAMBODHARA:NSE,Lambodhara Textiles Limited
901,LPDC:NSE,Landmark Property Development Company Limited
902,LTI:NSE,Larsen & Toubro Infotech Limited
903,LT:NSE,Larsen & Toubro Limited
904,LASA:NSE,Lasa Supergenerics Limited
905,LATTEYS:NSE,Latteys Industries Limited
906,LAURUSLABS:NSE,Laurus Labs Limited
907,LAXMICOT:NSE,Laxmi Cotspin Limited
908,LEMONTREE:NSE,Lemon Tree Hotels Limited
909,LEXUS:NSE,Lexus Granito (India) Limited
910,LGBBROSLTD:NSE,LG Balakrishnan & Bros Limited
911,LGBFORGE:NSE,LGB Forge Limited
912,LIBAS:NSE,Libas Designs Limited
913,LIBERTSHOE:NSE,Liberty Shoes Limited
914,LICHSGFIN:NSE,LIC Housing Finance Limited
915,LIKHITHA:NSE,Likhitha Infrastructure Limited
916,LINCPEN:NSE,Linc Pen & Plastics Limited
917,LINCOLN:NSE,Lincoln Pharmaceuticals Limited
918,LINDEINDIA:NSE,Linde India Limited
919,LSIL:NSE,Lloyds Steels Industries Limited
920,LOKESHMACH:NSE,Lokesh Machines Limited
921,LOTUSEYE:NSE,Lotus Eye Hospital and Institute Limited
922,LOVABLE:NSE,Lovable Lingerie Limited
923,DAAWAT:NSE,LT Foods Limited
924,LUMAXTECH:NSE,Lumax Auto Technologies Limited
925,LUMAXIND:NSE,Lumax Industries Limited
926,LUPIN:NSE,Lupin Limited
927,LUXIND:NSE,Lux Industries Limited
928,LYKALABS:NSE,Lyka Labs Limited
929,LYPSAGEMS:NSE,Lypsa Gems & Jewellery Limited
930,MKPL:NSE,M K Proteins Limited
931,MRO:NSE,M.R. Organisation Limited
932,MAANALU:NSE,Maan Aluminium Limited
933,MACPOWER:NSE,Macpower CNC Machines Limited
934,MCL:NSE,Madhav Copper Limited
935,MADHAV:NSE,Madhav Marbles and Granites Limited
936,MADHUCON:NSE,Madhucon Projects Limited
937,MBAPL:NSE,Madhya Bharat Agro Products Limited
938,MPTODAY:NSE,Madhya Pradesh Today Media Limited
939,MADRASFERT:NSE,Madras Fertilizers Limited
940,MAGADSUGAR:NSE,Magadh Sugar & Energy Limited
941,MAGMA:NSE,Magma Fincorp Limited
942,MAGNUM:NSE,Magnum Ventures Limited
943,MAHAPEXLTD:NSE,Maha Rashtra Apex Corporation Limited
944,MAHASTEEL:NSE,Mahamaya Steel Industries Limited
945,MGL:NSE,Mahanagar Gas Limited
946,MTNL:NSE,Mahanagar Telephone Nigam Limited
947,MAHSCOOTER:NSE,Maharashtra Scooters Limited
948,MAHSEAMLES:NSE,Maharashtra Seamless Limited
949,MAHESHWARI:NSE,Maheshwari Logistics Limited
950,MAHICKRA:NSE,Mahickra Chemicals Limited
951,M&MFIN:NSE,Mahindra & Mahindra Financial Services Limited
952,M&M:NSE,Mahindra & Mahindra Limited
953,MAHINDCIE:NSE,Mahindra CIE Automotive Limited
954,MAHEPC:NSE,Mahindra EPC Irrigation Limited
955,MHRIL:NSE,Mahindra Holidays & Resorts India Limited
956,MAHLIFE:NSE,Mahindra Lifespace Developers Limited
957,MAHLOG:NSE,Mahindra Logistics Limited
958,MAITHANALL:NSE,Maithan Alloys Limited
959,MAJESCO:NSE,Majesco Limited
960,MALUPAPER:NSE,Malu Paper Mills Limited
961,MANINDS:NSE,Man Industries (India) Limited
962,MANINFRA:NSE,Man Infraconstruction Limited
963,MANAKALUCO:NSE,Manaksia Aluminium Company Limited
964,MANAKCOAT:NSE,Manaksia Coated Metals & Industries Limited
965,MANAKSIA:NSE,Manaksia Limited
966,MANAKSTEEL:NSE,Manaksia Steels Limited
967,MANALIPETC:NSE,Manali Petrochemicals Limited
968,MANAPPURAM:NSE,Manappuram Finance Limited
969,MANAV:NSE,Manav Infra Projects Limited
970,MANGLMCEM:NSE,Mangalam Cement Limited
971,MANGALAM:NSE,Mangalam Drugs And Organics Limited
972,MGEL:NSE,Mangalam Global Enterprise Limited
973,MANGTIMBER:NSE,Mangalam Timber Products Limited
974,MANGCHEFER:NSE,Mangalore Chemicals & Fertilizers Limited
975,MRPL:NSE,Mangalore Refinery and Petrochemicals Limited
976,MANUGRAPH:NSE,Manugraph India Limited
977,MARALOVER:NSE,Maral Overseas Limited
978,MARATHON:NSE,Marathon Nextgen Realty Limited
979,MARICO:NSE,Marico Limited
980,MARINE:NSE,Marine Electricals (India) Limited
981,MARKSANS:NSE,Marksans Pharma Limited
982,MARSHALL:NSE,Marshall Machines Limited
983,MARUTI:NSE,Maruti Suzuki India Limited
984,MDL:NSE,Marvel Decor Limited
985,MASFIN:NSE,MAS Financial Services Limited
986,MASKINVEST:NSE,Mask Investments Limited
987,MASTEK:NSE,Mastek Limited
988,MATRIMONY:NSE,Matrimony.com Limited
989,MAWANASUG:NSE,Mawana Sugars Limited
990,MFSL:NSE,Max Financial Services Limited
991,MAXHEALTH:NSE,Max Healthcare Institute Limited
992,MAXINDIA:NSE,Max India Limited
993,MAXVIL:NSE,Max Ventures and Industries Limited
994,MAYURUNIQ:NSE,Mayur Uniquoters Ltd
995,MAZDOCK:NSE,Mazagon Dock Shipbuilders Limited
996,MAZDA:NSE,Mazda Limited
997,MBLINFRA:NSE,MBL Infrastructures Limited
998,MCDHOLDING:NSE,McDowell Holdings Limited
999,MCLEODRUSS:NSE,Mcleod Russel India Limited
1000,MBECL:NSE,Mcnally Bharat Engineering Company Limited
1001,MEGASOFT:NSE,Megasoft Limited
1002,MEGH:NSE,Meghmani Organics Limited
1003,MELSTAR:NSE,Melstar Information Technologies Limited
1004,MENONBE:NSE,Menon Bearings Limited
1005,MEP:NSE,MEP Infrastructure Developers Limited
1006,MERCATOR:NSE,Mercator Limited
1007,METALFORGE:NSE,Metalyst Forgings Limited
1008,METKORE:NSE,Metkore Alloys & Industries Limited
1009,METROPOLIS:NSE,Metropolis Healthcare Limited
1010,MIC:NSE,MIC Electronics Limited
1011,MMNL:NSE,MIG Media Neurons Limited
1012,MILTON:NSE,Milton Industries Limited
1013,MINDACORP:NSE,Minda Corporation Limited
1014,MINDAIND:NSE,Minda Industries Limited
1015,MINDPOOL:NSE,Mindpool Technologies Limited
1016,MINDTECK:NSE,Mindteck (India) Limited
1017,MINDTREE:NSE,MindTree Limited
1018,MIRCELECTR:NSE,MIRC Electronics Limited
1019,MIRZAINT:NSE,Mirza International Limited
1020,MIDHANI:NSE,Mishra Dhatu Nigam Limited
1021,MITCON:NSE,MITCON Consultancy & Engineering Services Limited
1022,MITTAL:NSE,Mittal Life Style Limited
1023,MMFL:NSE,MM Forgings Limited
1024,MMP:NSE,MMP Industries Limited
1025,MMTC:NSE,MMTC Limited
1026,MODIRUBBER:NSE,Modi Rubber Limited
1027,MHHL:NSE,Mohini Health & Hygiene Limited
1028,MOHITIND:NSE,Mohit Industries Limited
1029,MOHOTAIND:NSE,Mohota Industries Limited
1030,MOIL:NSE,MOIL Limited
1031,MOKSH:NSE,Moksh Ornaments Limited
1032,MOLDTKPAC:NSE,Mold-Tek Packaging Limited
1033,MOLDTECH:NSE,Mold-Tek Technologies Limited
1034,AIONJSW:NSE,Monnet Ispat & Energy Limited
1035,MONTECARLO:NSE,Monte Carlo Fashions Limited
1036,MORARJEE:NSE,Morarjee Textiles Limited
1037,MOREPENLAB:NSE,Morepen Laboratories Limited
1038,MOTHERSUMI:NSE,Motherson Sumi Systems Limited
1039,MOTILALOFS:NSE,Motilal Oswal Financial Services Limited
1040,MPHASIS:NSE,MphasiS Limited
1041,MPSLTD:NSE,MPS Limited
1042,MRF:NSE,MRF Limited
1043,MRO-TEK:NSE,MRO-TEK Realty Limited
1044,MSPL:NSE,MSP Steel & Power Limited
1045,MSTCLTD:NSE,MSTC Limited
1046,MTEDUCARE:NSE,MT Educare Limited
1047,MUKANDENGG:NSE,Mukand Engineers Limited
1048,MUKANDLTD:NSE,Mukand Limited
1049,MUKTAARTS:NSE,Mukta Arts Limited
1050,MUNJALAU:NSE,Munjal Auto Industries Limited
1051,MUNJALSHOW:NSE,Munjal Showa Limited
1052,MURUDCERA:NSE,Murudeshwar Ceramics Limited
1053,RADIOCITY:NSE,Music Broadcast Limited
1054,MUTHOOTCAP:NSE,Muthoot Capital Services Limited
1055,MUTHOOTFIN:NSE,Muthoot Finance Limited
1056,NRAIL:NSE,N R Agarwal Industries Limited
1057,NBIFIN:NSE,N. B. I. Industrial Finance Company Limited
1058,NACLIND:NSE,NACL Industries Limited
1059,NDGL:NSE,Naga Dhunseri Group Limited
1060,NAGAFERT:NSE,Nagarjuna Fertilizers and Chemicals Limited
1061,NAGREEKCAP:NSE,Nagreeka Capital & Infrastructure Limited
1062,NAGREEKEXP:NSE,Nagreeka Exports Limited
1063,NAHARCAP:NSE,Nahar Capital and Financial Services Limited
1064,NAHARINDUS:NSE,Nahar Industrial Enterprises Limited
1065,NAHARPOLY:NSE,Nahar Poly Films Limited
1066,NAHARSPING:NSE,Nahar Spinning Mills Limited
1067,NSIL:NSE,Nalwa Sons Investments Limited
1068,NDL:NSE,Nandan Denim Limited
1069,NANDANI:NSE,Nandani Creation Limited
1070,NH:NSE,Narayana Hrudayalaya Ltd.
1071,NARMADA:NSE,Narmada Agrobase Limited
1072,NATCOPHARM:NSE,Natco Pharma Limited
1073,NATHBIOGEN:NSE,Nath Bio-Genes (India) Limited
1074,NATIONALUM:NSE,National Aluminium Company Limited
1075,NFL:NSE,National Fertilizers Limited
1076,NATNLSTEEL:NSE,National Steel And Agro Industries Limited
1077,NBVENTURES:NSE,Nava Bharat Ventures Limited
1078,NAVINFLUOR:NSE,Navin Fluorine International Limited
1079,NAVKARCORP:NSE,Navkar Corporation Limited
1080,NAVNETEDUL:NSE,Navneet Education Limited
1081,NBCC:NSE,NBCC (India) Limited
1082,NCC:NSE,NCC Limited
1083,NCLIND:NSE,NCL Industries Limited
1084,NECLIFE:NSE,Nectar Lifesciences Limited
1085,NELCAST:NSE,Nelcast Limited
1086,NELCO:NSE,NELCO Limited
1087,NEOGEN:NSE,Neogen Chemicals Limited
1088,NESCO:NSE,Nesco Limited
1089,NETWORK18:NSE,Network18 Media & Investments Limited
1090,NTL:NSE,Neueon Towers Limited
1091,NEULANDLAB:NSE,Neuland Laboratories Limited
1092,NDTV:NSE,New Delhi Television Limited
1093,NEWGEN:NSE,Newgen Software Technologies Limited
1094,NEXTMEDIA:NSE,Next Mediaworks Limited
1095,NHPC:NSE,NHPC Limited
1096,NIITLTD:NSE,NIIT Limited
1097,NILAINFRA:NSE,Nila Infrastructures Limited
1098,NILASPACES:NSE,Nila Spaces Limited
1099,NILKAMAL:NSE,Nilkamal Limited
1100,NAM-INDIA:NSE,Nippon Life India Asset Management Limited
1101,NIRAJISPAT:NSE,Niraj Ispat Industries Limited
1102,NITCO:NSE,Nitco Limited
1103,NITINFIRE:NSE,Nitin Fire Protection Industries Limited
1104,NITINSPIN:NSE,Nitin Spinners Limited
1105,NITIRAJ:NSE,Nitiraj Engineers Limited
1106,NKIND:NSE,NK Industries Limited
1107,NLCINDIA:NSE,NLC India Limited
1108,NMDC:NSE,NMDC Limited
1109,NOCIL:NSE,NOCIL Limited
1110,NOIDATOLL:NSE,Noida Toll Bridge Company Limited
1111,NORBTEAEXP:NSE,Norben Tea & Exports Limited
1112,NECCLTD:NSE,North Eastern Carrying Corporation Limited
1113,NRBBEARING:NSE,NRB Bearing Limited
1114,NIBL:NSE,NRB Industrial Bearings Limited
1115,NTPC:NSE,NTPC Limited
1116,NUCLEUS:NSE,Nucleus Software Exports Limited
1117,NXTDIGITAL:NSE,NXTDigital Limited
1118,OBEROIRLTY:NSE,Oberoi Realty Limited
1119,OISL:NSE,OCL Iron and Steel Limited
1120,ONGC:NSE,Oil & Natural Gas Corporation Limited
1121,OILCOUNTUB:NSE,Oil Country Tubular Limited
1122,OIL:NSE,Oil India Limited
1123,OLECTRA:NSE,Olectra Greentech Limited
1124,OMMETALS:NSE,OM Metals Infraprojects Limited
1125,OMAXAUTO:NSE,Omax Autos Limited
1126,OMAXE:NSE,Omaxe Limited
1127,OMFURN:NSE,Omfurn India Limited
1128,OMKARCHEM:NSE,Omkar Speciality Chemicals Limited
1129,ONEPOINT:NSE,One Point One Solutions Limited
1130,ONELIFECAP:NSE,Onelife Capital Advisors Limited
1131,ONMOBILE:NSE,OnMobile Global Limited
1132,ONWARDTEC:NSE,Onward Technologies Limited
1133,OPAL:NSE,Opal Luxury Time Products Limited
1134,OPTIEMUS:NSE,Optiemus Infracom Limited
1135,OPTOCIRCUI:NSE,Opto Circuits (India) Limited
1136,OFSS:NSE,Oracle Financial Services Software Limited
1137,ORBTEXP:NSE,Orbit Exports Limited
1138,ORCHIDPHAR:NSE,Orchid Pharma Limited
1139,ORICONENT:NSE,Oricon Enterprises Limited
1140,ORIENTABRA:NSE,Orient Abrasives Limited
1141,ORIENTBELL:NSE,Orient Bell Limited
1142,ORIENTCEM:NSE,Orient Cement Limited
1143,ORIENTELEC:NSE,Orient Electric Limited
1144,GREENPOWER:NSE,Orient Green Power Company Limited
1145,ORIENTPPR:NSE,Orient Paper & Industries Limited
1146,ORIENTLTD:NSE,Orient Press Limited
1147,ORIENTREF:NSE,Orient Refractories Limited
1148,OAL:NSE,Oriental Aromatics Limited
1149,OCCL:NSE,Oriental Carbon & Chemicals Limited
1150,ORIENTHOT:NSE,Oriental Hotels Limited
1151,ORIENTALTL:NSE,Oriental Trimex Limited
1152,ORTEL:NSE,Ortel Communications Limited
1153,ORTINLABSS:NSE,Ortin Laboratories Limited
1154,OSIAHYPER:NSE,Osia Hyper Retail Limited
1155,OSWALAGRO:NSE,Oswal Agro Mills Limited
1156,BINDALAGRO:NSE,Oswal Chemicals & Fertilizers Limited
1157,PAEL:NSE,PAE Limited
1158,PAGEIND:NSE,Page Industries Limited
1159,PAISALO:NSE,Paisalo Digital Limited
1160,PALASHSECU:NSE,Palash Securities Limited
1161,PALREDTEC:NSE,Palred Technologies Limited
1162,PANACEABIO:NSE,Panacea Biotec Limited
1163,PANACHE:NSE,Panache Digilife Limited
1164,PANAMAPET:NSE,Panama Petrochem Limited
1165,PANSARI:NSE,Pansari Developers Limited
1166,PAR:NSE,Par Drugs and Chemicals Limited
1167,PARABDRUGS:NSE,Parabolic Drugs Limited
1168,PARAGMILK:NSE,Parag Milk Foods Limited
1169,PARACABLES:NSE,Paramount Communications Limited
1170,PARIN:NSE,Parin Furniture Limited
1171,PARSVNATH:NSE,Parsvnath Developers Limited
1172,PASHUPATI:NSE,Pashupati Cotspin Limited
1173,PATELENG:NSE,Patel Engineering Limited
1174,PATINTLOG:NSE,Patel Integrated Logistics Limited
1175,PATSPINLTD:NSE,Patspin India Limited
1176,PCJEWELLER:NSE,PC Jeweller Limited
1177,PDSMFL:NSE,PDS Multinational Fashions Limited
1178,PGIL:NSE,Pearl Global Industries Limited
1179,PEARLPOLY:NSE,Pearl Polymers Limited
1180,PENINLAND:NSE,Peninsula Land Limited
1181,PENIND:NSE,Pennar Industries Limited
1182,PENTAGOLD:NSE,Penta Gold Limited
1183,PERFECT:NSE,Perfect Infraengineers Limited
1184,PERSISTENT:NSE,Persistent Systems Limited
1185,PETRONET:NSE,Petronet LNG Limited
1186,PFIZER:NSE,Pfizer Limited
1187,PGEL:NSE,PG Electroplast Limited
1188,PHILIPCARB:NSE,Phillips Carbon Black Limited
1189,PIIND:NSE,PI Industries Limited
1190,PIDILITIND:NSE,Pidilite Industries Limited
1191,PILITA:NSE,Pil Italica Lifestyle Limited
1192,PILANIINVS:NSE,Pilani Investment and Industries Corporation Limited
1193,PIONDIST:NSE,Pioneer Distilleries Limited
1194,PIONEEREMB:NSE,Pioneer Embroideries Limited
1195,PEL:NSE,Piramal Enterprises Limited
1196,PITTIENG:NSE,Pitti Engineering Limited
1197,PLASTIBLEN:NSE,Plastiblends India Limited
1198,PNBGILTS:NSE,PNB Gilts Limited
1199,PNBHOUSING:NSE,PNB Housing Finance Limited
1200,PNCINFRA:NSE,PNC Infratech Limited
1201,PODDARHOUS:NSE,Poddar Housing and Development Limited
1202,PODDARMENT:NSE,Poddar Pigments Limited
1203,POKARNA:NSE,Pokarna Limited
1204,POLYMED:NSE,Poly Medicure Limited
1205,POLYCAB:NSE,Polycab India Limited
1206,POLYPLEX:NSE,Polyplex Corporation Limited
1207,PONNIERODE:NSE,Ponni Sugars (Erode) Limited
1208,PIGL:NSE,Power & Instrumentation (Gujarat) Limited
1209,PFC:NSE,Power Finance Corporation Limited
1210,POWERGRID:NSE,Power Grid Corporation of India Limited
1211,POWERMECH:NSE,Power Mech Projects Limited
1212,POWERFUL:NSE,Powerful Technologies Limited
1213,PPAP:NSE,PPAP Automotive Limited
1214,PRABHAT:NSE,Prabhat Dairy Limited
1215,PRADIP:NSE,Pradip Overseas Limited
1216,PRAJIND:NSE,Praj Industries Limited
1217,PRAENG:NSE,Prajay Engineers Syndicate Limited
1218,PRAKASH:NSE,Prakash Industries Limited
1219,PPL:NSE,Prakash Pipes Limited
1220,PRAKASHSTL:NSE,Prakash Steelage Limited
1221,DIAMONDYD:NSE,Prataap Snacks Limited
1222,PRAXIS:NSE,Praxis Home Retail Limited
1223,PRECAM:NSE,Precision Camshafts Limited
1224,PRECWIRE:NSE,Precision Wires India Limited
1225,PRECOT:NSE,Precot Meridian Limited
1226,PREMEXPLN:NSE,Premier Explosives Limited
1227,PREMIER:NSE,Premier Limited
1228,PREMIERPOL:NSE,Premier Polyfilm Limited
1229,PRESSMN:NSE,Pressman Advertising Limited
1230,PRESTIGE:NSE,Prestige Estates Projects Limited
1231,PRICOLLTD:NSE,Pricol Limited
1232,PFOCUS:NSE,Prime Focus Limited
1233,PRIMESECU:NSE,Prime Securities Limited
1234,PRINCEPIPE:NSE,Prince Pipes And Fittings Limited
1235,PRSMJOHNSN:NSE,Prism Johnson Limited
1236,PRITI:NSE,Priti International Limited
1237,PNC:NSE,Pritish Nandy Communications Limited
1238,PGHL:NSE,Procter & Gamble Health Limited
1239,PGHH:NSE,Procter & Gamble Hygiene and Health Care Limited
1240,PROLIFE:NSE,Prolife Industries Limited
1241,PROSEED:NSE,Proseed India Limited
1242,PROZONINTU:NSE,Prozone Intu Properties Limited
1243,PSL:NSE,PSL Limited
1244,PSPPROJECT:NSE,PSP Projects Limited
1245,PFS:NSE,PTC India Financial Services Limited
1246,PTC:NSE,PTC India Limited
1247,PTL:NSE,PTL Enterprises Limited
1248,PDMJEPAPER:NSE,Pudumjee Paper Products Limited
1249,PULZ:NSE,Pulz Electronics Limited
1250,PUNJLLOYD:NSE,Punj Lloyd Limited
1251,PSB:NSE,Punjab & Sind Bank
1252,PUNJABCHEM:NSE,Punjab Chemicals & Crop Protection Limited
1253,PNB:NSE,Punjab National Bank
1254,PURVA:NSE,Puravankara Limited
1255,PUSHPREALM:NSE,Pushpanjali Realms and Infratech Limited
1256,PVR:NSE,PVR Limited
1257,QUESS:NSE,Quess Corp Limited
1258,QUICKHEAL:NSE,Quick Heal Technologies Limited
1259,RMDRIP:NSE,R M Drip and Sprinklers Systems Limited
1260,RSYSTEMS:NSE,R Systems International Limited
1261,RSSOFTWARE:NSE,R. S. Software (India) Limited
1262,RPPINFRA:NSE,R.P.P. Infra Projects Limited
1263,RADAAN:NSE,Radaan Mediaworks India Limited
1264,RMCL:NSE,Radha Madhav Corporation Limited
1265,RADICO:NSE,Radico Khaitan Limited
1266,RVNL:NSE,Rail Vikas Nigam Limited
1267,RAIN:NSE,Rain Industries Limited
1268,RAJOIL:NSE,Raj Oil Mills Limited
1269,RAJRAYON:NSE,Raj Rayon Industries Limited
1270,RAJTV:NSE,Raj Television Network Limited
1271,ARENTERP:NSE,Rajdarshan Industries Limited
1272,RAJESHEXPO:NSE,Rajesh Exports Limited
1273,RAJMET:NSE,Rajnandini Metal Limited
1274,RPPL:NSE,Rajshree Polypack Limited
1275,RAJSREESUG:NSE,Rajshree Sugars & Chemicals Limited
1276,RALLIS:NSE,Rallis India Limited
1277,RAMASTEEL:NSE,Rama Steel Tubes Limited
1278,RAMCOIND:NSE,Ramco Industries Limited
1279,RAMCOSYS:NSE,Ramco Systems Limited
1280,RKFORGE:NSE,Ramkrishna Forgings Limited
1281,RAMKY:NSE,Ramky Infrastructure Limited
1282,RAMSARUP:NSE,Ramsarup Industries Limited
1283,RANASUG:NSE,Rana Sugars Limited
1284,RML:NSE,Rane (Madras) Limited
1285,RBL:NSE,Rane Brake Lining Limited
1286,RANEENGINE:NSE,Rane Engine Valve Limited
1287,RANEHOLDIN:NSE,Rane Holdings Limited
1288,RCF:NSE,Rashtriya Chemicals and Fertilizers Limited
1289,RATNAMANI:NSE,Ratnamani Metals & Tubes Limited
1290,RTNINFRA:NSE,RattanIndia Infrastructure Limited
1291,RTNPOWER:NSE,RattanIndia Power Limited
1292,RKDL:NSE,Ravi Kumar Distilleries Limited
1293,RAYMOND:NSE,Raymond Limited
1294,RBLBANK:NSE,RBL Bank Limited
1295,RECLTD:NSE,REC Limited
1296,REDINGTON:NSE,Redington (India) Limited
1297,REFEX:NSE,Refex Industries Limited
1298,RELAXO:NSE,Relaxo Footwears Limited
1299,RELIABLE:NSE,Reliable Data Services Limited
1300,RELCAPITAL:NSE,Reliance Capital Limited
1301,RCOM:NSE,Reliance Communications Limited
1302,RHFL:NSE,Reliance Home Finance Limited
1303,RIIL:NSE,Reliance Industrial Infrastructure Limited
1304,RELIANCE:NSE,Reliance Industries Limited
1305,RELINFRA:NSE,Reliance Infrastructure Limited
1306,RNAVAL:NSE,Reliance Naval and Engineering Limited
1307,RPOWER:NSE,Reliance Power Limited
1308,RELIGARE:NSE,Religare Enterprises Limited
1309,REMSONSIND:NSE,Remsons Industries Limited
1310,RGL:NSE,Renaissance Global Limited
1311,REPCOHOME:NSE,Repco Home Finance Limited
1312,REPRO:NSE,Repro India Limited
1313,RESPONIND:NSE,Responsive Industries Limited
1314,REVATHI:NSE,Revathi Equipment Limited
1315,RICOAUTO:NSE,Rico Auto Industries Limited
1316,RITES:NSE,RITES Limited
1317,RKEC:NSE,RKEC Projects Limited
1318,ROHITFERRO:NSE,Rohit Ferro-Tech Limited
1319,ROLLT:NSE,Rollatainers Limited
1320,ROLTA:NSE,Rolta India Limited
1321,ROSSARI:NSE,Rossari Biotech Limited
1322,ROSSELLIND:NSE,Rossell India Limited
1323,ROUTE:NSE,Route Mobile Limited
1324,ROHLTD:NSE,Royal Orchid Hotels Limited
1325,RPGLIFE:NSE,RPG Life Sciences Limited
1326,RSWM:NSE,RSWM Limited
1327,RUCHINFRA:NSE,Ruchi Infrastructure Limited
1328,RUCHI:NSE,Ruchi Soya Industries Limited
1329,RUCHIRA:NSE,Ruchira Papers Limited
1330,REPL:NSE,Rudrabhishek Enterprises Limited
1331,RUPA:NSE,Rupa & Company Limited
1332,RUSHIL:NSE,Rushil Decor Limited
1333,SCHAND:NSE,S Chand And Company Limited
1334,SHK:NSE,S H Kelkar and Company Limited
1335,S&SPOWER:NSE,S&S Power Switchgears Limited
1336,SPAL:NSE,S. P. Apparels Limited
1337,SALSTEEL:NSE,S.A.L. Steel Limited
1338,SEPOWER:NSE,S.E. Power Limited
1339,SSINFRA:NSE,S.S. Infrastructure Development Consultants Limited
1340,SABEVENTS:NSE,Sab Events & Governance Now Media Limited
1341,SADBHAV:NSE,Sadbhav Engineering Limited
1342,SADBHIN:NSE,Sadbhav Infrastructure Project Limited
1343,SAFARI:NSE,Safari Industries (India) Limited
1344,SAGCEM:NSE,Sagar Cements Limited
1345,SAGARDEEP:NSE,Sagardeep Alloys Limited
1346,SAKAR:NSE,Sakar Healthcare Limited
1347,SAKETH:NSE,Saketh Exim Limited
1348,SAKSOFT:NSE,Saksoft Limited
1349,SAKHTISUG:NSE,Sakthi Sugars Limited
1350,SAKUMA:NSE,Sakuma Exports Limited
1351,SECL:NSE,Salasar Exteriors and Contour Limited
1352,SALASAR:NSE,Salasar Techno Engineering Limited
1353,SALONA:NSE,Salona Cotspin Limited
1354,SALZERELEC:NSE,Salzer Electronics Limited
1355,SAMBHAAV:NSE,Sambhaav Media Limited
1356,SANCO:NSE,Sanco Industries Limited
1357,SANDHAR:NSE,Sandhar Technologies Limited
1358,SANGAMIND:NSE,Sangam (India) Limited
1359,SANGHIIND:NSE,Sanghi Industries Limited
1360,SANGHVIFOR:NSE,Sanghvi Forging and Engineering Limited
1361,SANGHVIMOV:NSE,Sanghvi Movers Limited
1362,SANGINITA:NSE,Sanginita Chemicals Limited
1363,SANOFI:NSE,Sanofi India Limited
1364,SANWARIA:NSE,Sanwaria Consumer Limited
1365,SARDAEN:NSE,Sarda Energy & Minerals Limited
1366,SAREGAMA:NSE,Saregama India Limited
1367,SARLAPOLY:NSE,Sarla Performance Fibers Limited
1368,SARVESHWAR:NSE,Sarveshwar Foods Limited
1369,SASKEN:NSE,Sasken Technologies Limited
1370,SASTASUNDR:NSE,Sastasundar Ventures Limited
1371,SATHAISPAT:NSE,Sathavahana Ispat Limited
1372,SATIA:NSE,Satia Industries Limited
1373,SATIN:NSE,Satin Creditcare Network Limited
1374,SOTL:NSE,Savita Oil Technologies Limited
1375,SBICARD:NSE,SBI Cards and Payment Services Limited
1376,SBILIFE:NSE,SBI Life Insurance Company Limited
1377,SCHAEFFLER:NSE,Schaeffler India Limited
1378,SCHNEIDER:NSE,Schneider Electric Infrastructure Limited
1379,SEAMECLTD:NSE,Seamec Limited
1380,SECURCRED:NSE,SecUR Credentials Limited
1381,SIS:NSE,Security and Intelligence Services (India) Limited
1382,SELMCL:NSE,SEL Manufacturing Company Limited
1383,SELAN:NSE,Selan Exploration Technology Limited
1384,SEQUENT:NSE,Sequent Scientific Limited
1385,SERVOTECH:NSE,Servotech Power Systems Limited
1386,SESHAPAPER:NSE,Seshasayee Paper and Boards Limited
1387,SETCO:NSE,Setco Automotive Limited
1388,SETUINFRA:NSE,Setubandhan Infrastructure Limited
1389,SEYAIND:NSE,Seya Industries Limited
1390,SEZAL:NSE,Sezal Glass Limited
1391,SHAHALLOYS:NSE,Shah Alloys Limited
1392,SHAIVAL:NSE,Shaival Reality Limited
1393,SHAKTIPUMP:NSE,Shakti Pumps (India) Limited
1394,SHALBY:NSE,Shalby Limited
1395,SHALPAINTS:NSE,Shalimar Paints Limited
1396,SHANKARA:NSE,Shankara Building Products Limited
1397,SHANTIGEAR:NSE,Shanthi Gears Limited
1398,SHANTI:NSE,Shanti Overseas (India) Limited
1399,SHARDACROP:NSE,Sharda Cropchem Limited
1400,SHARDAMOTR:NSE,Sharda Motor Industries Limited
1401,SHARONBIO:NSE,Sharon Bio-Medicine Limited
1402,SFL:NSE,Sheela Foam Limited
1403,SPYL:NSE,Shekhawati Poly-Yarn Limited
1404,SHEMAROO:NSE,Shemaroo Entertainment Limited
1405,SHILPAMED:NSE,Shilpa Medicare Limited
1406,SCI:NSE,Shipping Corporation of India Limited
1407,SHIRPUR-G:NSE,Shirpur Gold Refinery Limited
1408,SHIVAUM:NSE,Shiv Aum Steels Limited
1409,SHIVAMILLS:NSE,Shiva Mills Limited
1410,SHIVATEX:NSE,Shiva Texyarn Limited
1411,SHIVAMAUTO:NSE,Shivam Autotech Limited
1412,SHOPERSTOP:NSE,Shoppers Stop Limited
1413,SHRADHA:NSE,Shradha Infraprojects Limited
1414,SHREECEM:NSE,Shree Cement Limited
1415,SHREDIGCEM:NSE,Shree Digvijay Cement Co.Ltd
1416,SHREEPUSHK:NSE,Shree Pushkar Chemicals & Fertilisers Limited
1417,SRPL:NSE,Shree Ram Proteins Limited
1418,SHREERAMA:NSE,Shree Rama Multi-Tech Limited
1419,RAMANEWS:NSE,Shree Rama Newsprint Limited
1420,RENUKA:NSE,Shree Renuka Sugars Limited
1421,TIRUPATI:NSE,Shree Tirupati Balajee FIBC Limited
1422,SVLL:NSE,Shree Vasu Logistics Limited
1423,OSWALSEEDS:NSE,ShreeOswal Seeds And Chemicals Limited
1424,SHRENIK:NSE,Shrenik Limited
1425,SHREYANIND:NSE,Shreyans Industries Limited
1426,SHREYAS:NSE,Shreyas Shipping & Logistics Limited
1427,SRIRAM:NSE,Shri Ram Switchgears Limited
1428,SHRIRAMCIT:NSE,Shriram City Union Finance Limited
1429,SHRIRAMEPC:NSE,Shriram EPC Limited
1430,SHRIPISTON:NSE,Shriram Pistons & Rings Limited
1431,SRTRANSFIN:NSE,Shriram Transport Finance Company Limited
1432,SHUBHLAXMI:NSE,Shubhlaxmi Jewel Art Limited
1433,SHYAMCENT:NSE,Shyam Century Ferrous Limited
1434,SHYAMTEL:NSE,Shyam Telecom Limited
1435,SICAGEN:NSE,Sicagen India Limited
1436,SICAL:NSE,Sical Logistics Limited
1437,SIEMENS:NSE,Siemens Limited
1438,SIGIND:NSE,Signet Industries Limited
1439,SIKKO:NSE,Sikko Industries Limited
1440,SILINV:NSE,SIL Investments Limited
1441,SILGO:NSE,Silgo Retail Limited
1442,SILLYMONKS:NSE,Silly Monks Entertainment Limited
1443,SILVERTUC:NSE,Silver Touch Technologies Limited
1444,SIMBHALS:NSE,Simbhaoli Sugars Limited
1445,SIMPLEXINF:NSE,Simplex Infrastructures Limited
1446,SINTERCOM:NSE,Sintercom India Limited
1447,SINTEX:NSE,Sintex Industries Limited
1448,SPTL:NSE,Sintex Plastics Technology Limited
1449,SIRCA:NSE,Sirca Paints India Limited
1450,SITINET:NSE,Siti Networks Limited
1451,SIYSIL:NSE,Siyaram Silk Mills Limited
1452,SJVN:NSE,SJVN Limited
1453,SKFINDIA:NSE,SKF India Limited
1454,SKIL:NSE,SKIL Infrastructure Limited
1455,SKIPPER:NSE,Skipper Limited
1456,SKMEGGPROD:NSE,SKM Egg Products Export (India) Limited
1457,SKSTEXTILE:NSE,SKS Textiles Limited
1458,SMARTLINK:NSE,Smartlink Holdings Limited
1459,SMLISUZU:NSE,SML Isuzu Limited
1460,SMSLIFE:NSE,SMS Lifesciences India Limited
1461,SMSPHARMA:NSE,SMS Pharmaceuticals Limited
1462,SMVD:NSE,SMVD Poly Pack Limited
1463,SNOWMAN:NSE,Snowman Logistics Limited
1464,SOBHA:NSE,Sobha Limited
1465,SOFTTECH:NSE,Softtech Engineers Limited
1466,SOLARINDS:NSE,Solar Industries India Limited
1467,SOLARA:NSE,Solara Active Pharma Sciences Limited
1468,SOLEX:NSE,Solex Energy Limited
1469,SDBL:NSE,Som Distilleries & Breweries Limited
1470,SOMATEX:NSE,Soma Textiles & Industries Limited
1471,SOMANYCERA:NSE,Somany Ceramics Limited
1472,SHIL:NSE,Somany Home Innovation Limited
1473,SOMICONVEY:NSE,Somi Conveyor Beltings Limited
1474,SONAHISONA:NSE,Sona Hi Sona Jewellers (Gujarat) Limited
1475,SONAMCLOCK:NSE,Sonam Clock Limited
1476,SONATSOFTW:NSE,Sonata Software Limited
1477,SONISOYA:NSE,Soni Soya Products Limited
1478,SORILINFRA:NSE,SORIL Infra Resources Limited
1479,SOUTHWEST:NSE,South West Pinnacle Exploration Limited
1480,SPIC:NSE,Southern Petrochemicals Industries Corporation Limited
1481,SPCENET:NSE,Spacenet Enterprises India Limited
1482,SPANDANA:NSE,Spandana Sphoorty Financial Limited
1483,SPECIALITY:NSE,Speciality Restaurants Limited
1484,SPECTRUM:NSE,Spectrum Electrical Industries Limited
1485,SPENCERS:NSE,Spencer's Retail Limited
1486,SPENTEX:NSE,Spentex Industries Limited
1487,SPLIL:NSE,SPL Industries Limited
1488,SMPL:NSE,Splendid Metal Products Limited
1489,SPMLINFRA:NSE,SPML Infra Limited
1490,SRHHYPOLTD:NSE,Sree Rayalaseema Hi-Strength Hypo Limited
1491,SREEL:NSE,Sreeleathers Limited
1492,SREINFRA:NSE,SREI Infrastructure Finance Limited
1493,SRF:NSE,SRF Limited
1494,SABTN:NSE,Sri Adhikari Brothers Television Network Limited
1495,HAVISHA:NSE,Sri Havisha Hospitality and Infrastructure Limited
1496,SRIPIPES:NSE,Srikalahasthi Pipes Limited
1497,STAMPEDE:NSE,Stampede Capital Limited
1498,SIL:NSE,Standard Industries Limited
1499,STARCEMENT:NSE,Star Cement Limited
1500,STARPAPER:NSE,Star Paper Mills Limited
1501,SBIN:NSE,State Bank of India
1502,SAIL:NSE,Steel Authority of India Limited
1503,STEELCITY:NSE,Steel City Securities Limited
1504,STEELXIND:NSE,Steel Exchange India Limited
1505,SSWL:NSE,Steel Strips Wheels Limited
1506,STEL:NSE,Stel Holdings Limited
1507,SWSOLAR:NSE,Sterling And Wilson Solar Limited
1508,STERTOOLS:NSE,Sterling Tools Limited
1509,STRTECH:NSE,Sterlite Technologies Limited
1510,STINDIA:NSE,STI India Limited
1511,SGL:NSE,STL Global Limited
1512,STAR:NSE,Strides Pharma Science Limited
1513,SUBEXLTD:NSE,Subex Limited
1514,SUBROS:NSE,Subros Limited
1515,SUDARSCHEM:NSE,Sudarshan Chemical Industries Limited
1516,SUJANAUNI:NSE,Sujana Universal Industries Limited
1517,SUMEETINDS:NSE,Sumeet Industries Limited
1518,SUMIT:NSE,Sumit Woods Limited
1519,SUMICHEM:NSE,Sumitomo Chemical India Limited
1520,SUMMITSEC:NSE,Summit Securities Limited
1521,SPARC:NSE,Sun Pharma Advanced Research Company Limited
1522,SUNPHARMA:NSE,Sun Pharmaceutical Industries Limited
1523,SUNTV:NSE,Sun TV Network Limited
1524,SUNDRMBRAK:NSE,Sundaram Brake Linings Limited
1525,SUNCLAYLTD:NSE,Sundaram Clayton Limited
1526,SUNDARMHLD:NSE,Sundaram Finance Holdings Limited
1527,SUNDARMFIN:NSE,Sundaram Finance Limited
1528,SUNDARAM:NSE,Sundaram Multi Pap Limited
1529,SUNDRMFAST:NSE,Sundram Fasteners Limited
1530,SUNFLAG:NSE,Sunflag Iron And Steel Company Limited
1531,SUNTECK:NSE,Sunteck Realty Limited
1532,SUPERSPIN:NSE,Super Spinning Mills Limited
1533,SUPERHOUSE:NSE,Superhouse Limited
1534,SUPRAJIT:NSE,Suprajit Engineering Limited
1535,SUPREMEENG:NSE,Supreme Engineering Limited
1536,SUPREMEIND:NSE,Supreme Industries Limited
1537,SUPREMEINF:NSE,Supreme Infrastructure India Limited
1538,SUPPETRO:NSE,Supreme Petrochem Limited
1539,SURANASOL:NSE,Surana Solar Limited
1540,SURANAT&P:NSE,Surana Telecom and Power Limited
1541,SURANI:NSE,Surani Steel Tubes Limited
1542,SUREVIN:NSE,Surevin BPO Services Limited
1543,SURYAROSNI:NSE,Surya Roshni Limited
1544,SURYALAXMI:NSE,Suryalakshmi Cotton Mills Limited
1545,SUTLEJTEX:NSE,Sutlej Textiles and Industries Limited
1546,SUULD:NSE,Suumaya Lifestyle Limited
1547,SUVEN:NSE,Suven Life Sciences Limited
1548,SUVENPHAR:NSE,Suven Pharmaceuticals Limited
1549,SUZLON:NSE,Suzlon Energy Limited
1550,SWANENERGY:NSE,Swan Energy Limited
1551,SWARAJENG:NSE,Swaraj Engines Limited
1552,SWELECTES:NSE,Swelect Energy Systems Limited
1553,SYMPHONY:NSE,Symphony Limited
1554,SYNCOM:NSE,Syncom Healthcare Limited
1555,SYNGENE:NSE,Syngene International Limited
1556,TTL:NSE,T T Limited
1557,TAINWALCHM:NSE,Tainwala Chemical and Plastic (I) Limited
1558,TAJGVK:NSE,Taj GVK Hotels & Resorts Limited
1559,TAKE:NSE,Take Solutions Limited
1560,TALBROAUTO:NSE,Talbros Automotive Components Limited
1561,TALWALKARS:NSE,Talwalkars Better Value Fitness Limited
1562,TALWGYM:NSE,Talwalkars Healthclubs Limited
1563,TNPL:NSE,Tamil Nadu Newsprint & Papers Limited
1564,TNPETRO:NSE,Tamil Nadu PetroProducts Limited
1565,TNTELE:NSE,Tamil Nadu Telecommunication Limited
1566,TANLA:NSE,Tanla Solutions Limited
1567,TANTIACONS:NSE,Tantia Constructions Limited
1568,TARACHAND:NSE,Tara Chand Logistic Solutions Limited
1569,TARMAT:NSE,Tarmat Limited
1570,TASTYBITE:NSE,Tasty Bite Eatables Limited
1571,TATACHEM:NSE,Tata Chemicals Limited
1572,TATACOFFEE:NSE,Tata Coffee Limited
1573,TATACOMM:NSE,Tata Communications Limited
1574,TCS:NSE,Tata Consultancy Services Limited
1575,TATACONSUM:NSE,Tata Consumer Products Limited
1576,TATAELXSI:NSE,Tata Elxsi Limited
1577,TATAINVEST:NSE,Tata Investment Corporation Limited
1578,TATAMETALI:NSE,Tata Metaliks Limited
1579,TATAMOTORS:NSE,Tata Motors Limited
1580,TATAPOWER:NSE,Tata Power Company Limited
1581,TATASTLBSL:NSE,Tata Steel Bsl Limited
1582,TATASTEEL:NSE,Tata Steel Limited
1583,TATASTLLP:NSE,Tata Steel Long Products Limited
1584,TTML:NSE,Tata Teleservices (Maharashtra) Limited
1585,TCIDEVELOP:NSE,TCI Developers Limited
1586,TCIEXP:NSE,TCI Express Limited
1587,TCIFINANCE:NSE,TCI Finance Limited
1588,TCNSBRANDS:NSE,TCNS Clothing Co. Limited
1589,TCPLPACK:NSE,TCPL Packaging Limited
1590,TDPOWERSYS:NSE,TD Power Systems Limited
1591,TEAMLEASE:NSE,Teamlease Services Limited
1592,TECHM:NSE,Tech Mahindra Limited
1593,TECHIN:NSE,Techindia Nirman Limited
1594,TECHNOE:NSE,Techno Electric & Engineering Company Limited
1595,TIIL:NSE,Technocraft Industries (India) Limited
1596,TECHNOFAB:NSE,Technofab Engineering Limited
1597,TEJASNET:NSE,Tejas Networks Limited
1598,TERASOFT:NSE,Tera Software Limited
1599,TEXINFRA:NSE,Texmaco Infrastructure & Holdings Limited
1600,TEXRAIL:NSE,Texmaco Rail & Engineering Limited
1601,TEXMOPIPES:NSE,Texmo Pipes and Products Limited
1602,TGBHOTELS:NSE,TGB Banquets And Hotels Limited
1603,THANGAMAYL:NSE,Thangamayil Jewellery Limited
1604,ANDHRSUGAR:NSE,The Andhra Sugars Limited
1605,ANUP:NSE,The Anup Engineering Limited
1606,BYKE:NSE,The Byke Hospitality Ltd
1607,FEDERALBNK:NSE,The Federal Bank Limited
1608,GESHIP:NSE,The Great Eastern Shipping Company Limited
1609,GROBTEA:NSE,The Grob Tea Company Limited
1610,HITECHGEAR:NSE,The Hi-Tech Gears Limited
1611,INDIACEM:NSE,The India Cements Limited
1612,INDHOTEL:NSE,The Indian Hotels Company Limited
1613,THEINVEST:NSE,The Investment Trust Of India Limited
1614,J&KBANK:NSE,The Jammu & Kashmir Bank Limited
1615,KTKBANK:NSE,The Karnataka Bank Limited
1616,TMRVL:NSE,The Mandhana Retail Ventures Limited
1617,MOTOGENFIN:NSE,The Motor & General Finance Limited
1618,NIACL:NSE,The New India Assurance Company Limited
1619,ORISSAMINE:NSE,The Orissa Minerals Development Company Limited
1620,PKTEA:NSE,The Peria Karamalai Tea & Produce Company Limited
1621,PHOENIXLTD:NSE,The Phoenix Mills Limited
1622,RAMCOCEM:NSE,The Ramco Cements Limited
1623,RUBYMILLS:NSE,The Ruby Mills Limited
1624,SANDESH:NSE,The Sandesh Limited
1625,SOUTHBANK:NSE,The South Indian Bank Limited
1626,STCINDIA:NSE,The State Trading Corporation of India Limited
1627,TINPLATE:NSE,The Tinplate Company of India Limited
1628,UGARSUGAR:NSE,The Ugar Sugar Works Limited
1629,UNITEDTEA:NSE,The United Nilgiri Tea Estates Company Limited
1630,WIPL:NSE,The Western India Plywoods Limited
1631,THEJO:NSE,Thejo Engineering Limited
1632,THEMISMED:NSE,Themis Medicare Limited
1633,THERMAX:NSE,Thermax Limited
1634,THIRUSUGAR:NSE,Thiru Arooran Sugars Limited
1635,TIRUMALCHM:NSE,Thirumalai Chemicals Limited
1636,THOMASCOOK:NSE,Thomas Cook (India) Limited
1637,THOMASCOTT:NSE,Thomas Scott (India) Limited
1638,THYROCARE:NSE,Thyrocare Technologies Limited
1639,TIDEWATER:NSE,Tide Water Oil Company (India) Limited
1640,TIJARIA:NSE,Tijaria Polypipes Limited
1641,TIL:NSE,TIL Limited
1642,TI:NSE,Tilaknagar Industries Limited
1643,TIMETECHNO:NSE,Time Technoplast Limited
1644,TIMESGTY:NSE,Times Guaranty Limited
1645,TIMKEN:NSE,Timken India Limited
1646,TIPSINDLTD:NSE,TIPS Industries Limited
1647,TIRUPATIFL:NSE,Tirupati Forge Limited
1648,TWL:NSE,Titagarh Wagons Limited
1649,TITAN:NSE,Titan Company Limited
1650,TOKYOPLAST:NSE,Tokyo Plast International Limited
1651,TORNTPHARM:NSE,Torrent Pharmaceuticals Limited
1652,TORNTPOWER:NSE,Torrent Power Limited
1653,TOTAL:NSE,Total Transport Systems Limited
1654,TOUCHWOOD:NSE,Touchwood Entertainment Limited
1655,TFCILTD:NSE,Tourism Finance Corporation of India Limited
1656,TPLPLASTEH:NSE,TPL Plastech Limited
1657,TRIL:NSE,Transformers And Rectifiers (India) Limited
1658,TCI:NSE,Transport Corporation of India Limited
1659,TFL:NSE,Transwarranty Finance Limited
1660,TRANSWIND:NSE,Transwind Infrastructures Limited
1661,TREEHOUSE:NSE,Tree House Education & Accessories Limited
1662,TREJHARA:NSE,Trejhara Solutions Limited
1663,TRENT:NSE,Trent Limited
1664,TRF:NSE,TRF Limited
1665,TBZ:NSE,Tribhovandas Bhimji Zaveri Limited
1666,TRIDENT:NSE,Trident Limited
1667,TRIGYN:NSE,Trigyn Technologies Limited
1668,TRIVENI:NSE,Triveni Engineering & Industries Limited
1669,TRITURBINE:NSE,Triveni Turbine Limited
1670,TTKHLTCARE:NSE,TTK Healthcare Limited
1671,TTKPRESTIG:NSE,TTK Prestige Limited
1672,TIINDIA:NSE,Tube Investments of India Limited
1673,TVTODAY:NSE,TV Today Network Limited
1674,TVVISION:NSE,TV Vision Limited
1675,TV18BRDCST:NSE,TV18 Broadcast Limited
1676,TVSELECT:NSE,TVS Electronics Limited
1677,TVSMOTOR:NSE,TVS Motor Company Limited
1678,TVSSRICHAK:NSE,TVS Srichakra Limited
1679,UCALFUEL:NSE,Ucal Fuel Systems Limited
1680,UCOBANK:NSE,UCO Bank
1681,UFLEX:NSE,UFLEX Limited
1682,UFO:NSE,UFO Moviez India Limited
1683,UJAAS:NSE,Ujaas Energy Limited
1684,UJJIVAN:NSE,Ujjivan Financial Services Limited
1685,UJJIVANSFB:NSE,Ujjivan Small Finance Bank Limited
1686,UWCSL:NSE,Ultra Wiring Connectivity System Limited
1687,ULTRACEMCO:NSE,UltraTech Cement Limited
1688,UMANGDAIRY:NSE,Umang Dairies Limited
1689,UNICHEMLAB:NSE,Unichem Laboratories Limited
1690,UNIINFO:NSE,Uniinfo Telecom Services Limited
1691,UNIONBANK:NSE,Union Bank of India
1692,UNIENTER:NSE,Uniphos Enterprises Limited
1693,UNIPLY:NSE,Uniply Industries Limited
1694,UNITECH:NSE,Unitech Limited
1695,UBL:NSE,United Breweries Limited
1696,UNITEDPOLY:NSE,United Polyfab Gujarat Limited
1697,MCDOWELL-N:NSE,United Spirits Limited
1698,UNITY:NSE,Unity Infraprojects Limited
1699,UNIVASTU:NSE,Univastu India Limited
1700,UNIVCABLES:NSE,Universal Cables Limited
1701,UNIVPHOTO:NSE,Universus Photo Imagings Limited
1702,UPL:NSE,UPL Limited
1703,URAVI:NSE,Uravi T and Wedge Lamps Limited
1704,URJA:NSE,Urja Global Limited
1705,UMESLTD:NSE,Usha Martin Education & Solutions Limited
1706,USHAMART:NSE,Usha Martin Limited
1707,UCL:NSE,Ushanti Colour Chem Limited
1708,UTIAMC:NSE,UTI Asset Management Company Limited
1709,UTTAMSTL:NSE,Uttam Galva Steels Limited
1710,UTTAMSUGAR:NSE,Uttam Sugar Mills Limited
1711,UVSL:NSE,Uttam Value Steels Limited
1712,VSTTILLERS:NSE,Shukla industries Pvt LTD
1713,V2RETAIL:NSE,V2 Retail Limited
1714,WABAG:NSE,VA Tech Wabag Limited
1715,VADILALIND:NSE,Vadilal Industries Limited
1716,VSCL:NSE,Vadivarhe Speciality Chemicals Limited
1717,VAIBHAVGBL:NSE,Vaibhav Global Limited
1718,VAISHALI:NSE,Vaishali Pharma Limited
1719,VAKRANGEE:NSE,Vakrangee Limited
1720,VARDHACRLC:NSE,Vardhman Acrylics Limited
1721,VHL:NSE,Vardhman Holdings Limited
1722,VARDMNPOLY:NSE,Vardhman Polytex Limited
1723,VSSL:NSE,Vardhman Special Steels Limited
1724,VTL:NSE,Vardhman Textiles Limited
1725,VARROC:NSE,Varroc Engineering Limited
1726,VBL:NSE,Varun Beverages Limited
1727,VASA:NSE,Vasa Retail and Overseas Ltd
1728,VASCONEQ:NSE,Vascon Engineers Limited
1729,VASWANI:NSE,Vaswani Industries Limited
1730,VCL:NSE,Vaxtex Cotfab Limited
1731,VEDL:NSE,Vedanta Limited
1732,VENKEYS:NSE,Venky's (India) Limited
1733,VENUSREM:NSE,Venus Remedies Limited
1734,VERA:NSE,Vera Synthetic Limited
1735,VERTOZ:NSE,Vertoz Advertising Limited
1736,VESUVIUS:NSE,Vesuvius India Limited
1737,VETO:NSE,Veto Switchgears And Cables Limited
1738,VGUARD:NSE,V-Guard Industries Limited
1739,VICEROY:NSE,Viceroy Hotels Limited
1740,VIDEOIND:NSE,Videocon Industries Limited
1741,VIDHIING:NSE,Vidhi Specialty Food Ingredients Limited
1742,VIJIFIN:NSE,Viji Finance Limited
1743,VIKASECO:NSE,Vikas EcoTech Limited
1744,VIKASMCORP:NSE,Vikas Multicorp Limited
1745,VIMTALABS:NSE,Vimta Labs Limited
1746,VINATIORGA:NSE,Vinati Organics Limited
1747,VINDHYATEL:NSE,Vindhya Telelinks Limited
1748,VINNY:NSE,Vinny Overseas Limited
1749,VINYLINDIA:NSE,Vinyl Chemicals (India) Limited
1750,VIPCLOTHNG:NSE,VIP Clothing Limited
1751,VIPIND:NSE,VIP Industries Limited
1752,VIPULLTD:NSE,Vipul Limited
1753,VISASTEEL:NSE,Visa Steel Limited
1754,VIVIDHA:NSE,Visagar Polytex Limited
1755,VISAKAIND:NSE,Visaka Industries Limited
1756,VISHNU:NSE,Vishnu Chemicals Limited
1757,VISHWARAJ:NSE,Vishwaraj Sugar Industries Limited
1758,VIVIMEDLAB:NSE,Vivimed Labs Limited
1759,VLSFINANCE:NSE,VLS Finance Limited
1760,VMART:NSE,V-Mart Retail Limited
1761,IDEA:NSE,Vodafone Idea Limited
1762,VOLTAMP:NSE,Voltamp Transformers Limited
1763,VOLTAS:NSE,Voltas Limited
1764,VRLLOG:NSE,VRL Logistics Limited
1765,VSTIND:NSE,VST Industries Limited
1766,WSI:NSE,W S Industries (I) Limited
1767,WABCOINDIA:NSE,WABCO India Limited
1768,WALCHANNAG:NSE,Walchandnagar Industries Limited
1769,WANBURY:NSE,Wanbury Limited
1770,WEALTH:NSE,Wealth First Portfolio Managers Limited
1771,WEBELSOLAR:NSE,Websol Energy System Limited
1772,WEIZMANIND:NSE,Weizmann Limited
1773,WELCORP:NSE,Welspun Corp Limited
1774,WELENT:NSE,Welspun Enterprises Limited
1775,WELSPUNIND:NSE,Welspun India Limited
1776,WELINV:NSE,Welspun Investments and Commercials Limited
1777,WENDT:NSE,Wendt (India) Limited
1778,WSTCSTPAPR:NSE,West Coast Paper Mills Limited
1779,WHEELS:NSE,Wheels India Limited
1780,WHIRLPOOL:NSE,Whirlpool of India Limited
1781,WILLAMAGOR:NSE,Williamson Magor & Company Limited
1782,WINDMACHIN:NSE,Windsor Machines Limited
1783,WIPRO:NSE,Wipro Limited
1784,WOCKPHARMA:NSE,Wockhardt Limited
1785,WFL:NSE,Wonder Fibromats Limited
1786,WONDERLA:NSE,Wonderla Holidays Limited
1787,WORTH:NSE,Worth Peripherals Limited
1788,XCHANGING:NSE,Xchanging Solutions Limited
1789,XELPMOC:NSE,Xelpmoc Design And Tech Limited
1790,XPROINDIA:NSE,Xpro India Limited
1791,YESBANK:NSE,Yes Bank Limited
1792,ZEEL:NSE,Zee Entertainment Enterprises Limited
1793,ZEELEARN:NSE,Zee Learn Limited
1794,ZEEMEDIA:NSE,Zee Media Corporation Limited
1795,ZENTEC:NSE,Zen Technologies Limited
1796,ZENITHBIR:NSE,Zenith Birla (India) Limited
1797,ZENITHEXPO:NSE,Zenith Exports Limited
1798,ZENSARTECH:NSE,Zensar Technologies Limited
1799,ZICOM:NSE,Zicom Electronic Security Systems Limited
1800,ZODIACLOTH:NSE,Zodiac Clothing Company Limited
1801,ZODIAC:NSE,Zodiac Energy Limited
1802,ZODJRDMKJ:NSE,Zodiac JRD- MKJ Limited
1803,ZOTA:NSE,Zota Health Care LImited
1804,ZUARI:NSE,Zuari Agro Chemicals Limited
1805,ZUARIGLOB:NSE,Zuari Global Limited
1806,ZYDUSWELL:NSE,Zydus Wellness Limited
